,,Алтайский край,Амурская область,Архангельская область,Астраханская область,Белгородская область,Брянская область,Владимирская область,Волгоградская область,Вологодская область,Воронежская область,г. Москва,г. Санкт-Петербург,г. Севастополь,Донецкая Народная Республика,Еврейская автономная область,Забайкальский край,Запорожская область,Ивановская область,Иркутская область,Кабардино-Балкарская Республика,Калининградская область,Калужская область,Камчатский край,Карачаево-Черкесская Республика,Кемеровская область,Кировская область,Костромская область,Краснодарский край,Красноярский край,Курганская область,Курская область,Ленинградская область,Липецкая область,Луганская Народная Республика,Магаданская область,Московская область,Мурманская область,Ненецкий автономный округ,Нижегородская область,Новгородская область,Новосибирская область,Омская область,Оренбургская область,Орловская область,Пензенская область,Пермский край,Приморский край,Псковская область,Республика Адыгея,Республика Алтай,Республика Башкортостан,Республика Бурятия,Республика Дагестан,Республика Ингушетия,Республика Калмыкия,Республика Карелия,Республика Коми,Республика Крым,Республика Марий Эл,Республика Мордовия,Республика Саха (Якутия),Республика Северная Осетия - Алания,Республика Татарстан (Татарстан),Республика Тыва,Республика Хакасия,Ростовская область,Рязанская область,Самарская область,Саратовская область,Сахалинская область,Свердловская область,Смоленская область,Ставропольский край,Тамбовская область,Тверская область,Томская область,Тульская область,Тюменская область,Удмуртская Республика,Ульяновская область,Хабаровский край,Ханты-Мансийский АО - Югра,Херсонская область,Челябинская область,Чеченская Республика,Чувашская Республика - Чувашия,Чукотский автономный округ,Ямало-Ненецкий автономный округ,Ярославская область
,ИТОГО,90,158,53,35,104,110,128,26,39,26,81,170,29,30,21,21,74,52,20,21,149,51,12,26,61,20,20,143,78,76,20,83,19,41,18,112,17,8,112,17,76,33,21,38,13,62,125,26,30,5,109,120,6,20,11,50,33,56,16,20,32,24,123,17,99,70,190,27,33,36,75,139,44,24,90,37,20,72,132,20,138,70,40,174,20,19,51,19,39
179,Специалист по эксплуатации беспилотных авиационных систем,нет,да,нет,нет,да,да,нет,нет,да,нет,да,да,нет,нет,нет,да,нет,нет,нет,нет,да,нет,да,нет,нет,нет,нет,да,да,нет,нет,нет,нет,нет,да,да,нет,нет,да,нет,Нет ,нет,нет,нет,нет,нет,да,нет,нет,нет,нет,да,нет,нет,нет,да,нет,нет,нет,нет,да,нет,нет,нет,нет,нет,да,нет,нет,да,да,нет,нет,да,нет,нет,нет,Да,нет,да,нет,да,нет,да,нет,нет,нет,нет,нет
172,Специалист по работе с системами искусственного интеллекта,нет,да,нет,нет,да,да,нет,нет,нет,нет,да,да,нет,нет,нет,нет,нет,да,да,да,нет,да,нет,нет,да,нет,нет,да,да,да,нет,да,нет,нет,нет,нет,нет,нет,нет,нет,Да ,нет,нет,нет,нет,нет,да,ДА,нет,нет,нет,нет,нет,нет,да,да,нет,нет,да,нет,нет,нет,нет,нет,нет,да,да,нет,нет,да,нет,да,нет,нет,нет,нет,да,Да,да,нет,нет,да,нет,да,нет,нет,нет,нет,нет
1,Автомеханик,нет,да,да,нет,да,да,нет,нет,нет,нет,да,да,да,нет,нет,нет,да,нет,нет,нет,да,нет,нет,нет,нет,нет,нет,да,да,да,нет,нет,нет,нет,нет,да,нет,нет,нет,нет,Нет ,нет,нет,нет,нет,нет,да,нет,да,нет,да,да,нет,да,нет,нет,нет,да,нет,нет,нет,нет,да,да,да,да,да,нет,нет,да,нет,нет,да,нет,нет,нет,нет,Нет,да,нет,да,да,нет,да,да,да,нет,нет,нет
2,Агент по туризму,нет,да,нет,нет,нет,нет,нет,нет,нет,нет,да,нет,нет,нет,нет,нет,нет,нет,нет,нет,нет,нет,нет,нет,нет,нет,нет,да,да,нет,нет,нет,нет,нет,нет,нет,нет,нет,нет,нет,Нет ,нет,нет,нет,нет,нет,да,нет,нет,нет,нет,да,нет,нет,нет,нет,нет,да,нет,нет,нет,нет,нет,нет,нет,да,да,нет,нет,нет,нет,нет,нет,да,нет,нет,нет,Нет,нет,нет,нет,да,нет,да,нет,нет,нет,нет,нет
3,Агроном,нет,да,нет,нет,да,да,да,да,да,нет,нет,нет,нет,нет,да,да,да,нет,нет,да,да,нет,нет,нет,нет,нет,нет,да,да,нет,нет,нет,да,нет,нет,нет,нет,нет,да,нет,Да ,да,нет,да,нет,нет,да,нет,да,нет,да,да,нет,нет,нет,нет,нет,да,нет,нет,нет,да,да,нет,нет,да,да,нет,нет,нет,нет,да,да,да,да,да,да,Да,да,нет,да,нет,да,да,нет,нет,нет,нет,нет
4,Администратор баз данных,нет,да,да,нет,да,да,да,нет,нет,нет,да,да,нет,нет,нет,да,нет,нет,нет,нет,да,нет,нет,нет,да,нет,нет,да,да,да,нет,да,да,нет,нет,да,нет,нет,нет,нет,Нет ,да,да,нет,нет,нет,да,ДА,нет,нет,да,нет,нет,да,нет,да,нет,да,нет,нет,нет,нет,да,нет,да,нет,да,нет,нет,нет,да,да,да,нет,да,да,нет,Нет,нет,нет,да,да,нет,да,да,нет,нет,нет,нет
5,Администратор/портье гостиницы,нет,да,нет,нет,нет,да,да,нет,нет,нет,да,да,да,нет,нет,нет,нет,да,да,да,нет,да,нет,нет,нет,нет,нет,да,нет,нет,нет,нет,нет,нет,нет,нет,нет,нет,нет,нет,Нет ,нет,нет,нет,нет,нет,да,нет,нет,да,да,да,нет,нет,нет,да,нет,да,нет,нет,нет,да,нет,нет,да,да,да,нет,нет,нет,нет,нет,да,да,нет,нет,нет,Нет,нет,нет,да,да,нет,да,да,нет,нет,нет,да
6,Аккумуляторщик,нет,нет,нет,нет,нет,нет,да,нет,да,нет,нет,да,нет,нет,нет,нет,нет,нет,нет,нет,да,нет,нет,нет,нет,нет,нет,нет,нет,нет,нет,нет,нет,нет,нет,нет,нет,нет,нет,нет,Нет ,да,нет,да,нет,нет,нет,нет,нет,нет,да,да,нет,нет,нет,нет,нет,нет,нет,нет,нет,нет,да,нет,да,нет,да,нет,нет,нет,нет,да,нет,нет,нет,нет,нет,Нет,нет,нет,да,да,нет,да,нет,нет,да,нет,нет
7,Акушер,да,да,нет,да,да,нет,да,нет,нет,нет,нет,да,да,нет,нет,нет,да,да,нет,нет,да,нет,нет,нет,нет,нет,нет,нет,нет,нет,нет,нет,нет,нет,нет,нет,нет,нет,нет,нет,Да ,нет,нет,да,нет,нет,да,нет,нет,нет,да,да,нет,да,нет,нет,да,да,да,нет,нет,нет,да,нет,да,нет,да,нет,нет,нет,нет,да,нет,нет,да,да,нет,Нет,да,нет,да,нет,да,да,да,нет,нет,нет,нет
8,Аппаратчик химводоочистки,нет,да,нет,нет,да,нет,да,нет,нет,нет,нет,да,нет,да,нет,нет,да,нет,нет,нет,нет,нет,нет,нет,нет,да,нет,да,нет,нет,нет,нет,нет,да,нет,да,нет,нет,да,нет,Нет ,нет,нет,нет,нет,да,нет,нет,нет,нет,да,нет,нет,нет,нет,нет,нет,да,нет,нет,нет,нет,да,нет,да,нет,да,нет,нет,нет,нет,да,нет,нет,нет,нет,нет,Нет,да,нет,да,да,нет,да,нет,нет,нет,нет,нет
9,Аппаратчик химводоочистки электростанции,нет,нет,нет ,нет,нет,да,нет,нет,нет,нет,нет,да,нет,нет,нет,нет,да,нет,нет,нет,да,нет,нет,нет,нет,нет,нет,да,нет,нет,нет,нет,нет,нет,нет,да,нет,нет,да,нет,Нет ,нет,нет,нет,нет,нет,нет,нет,нет,нет,нет,да,нет,нет,нет,нет,нет,нет,нет,нет,нет,нет,нет,нет,нет,нет,да,нет,нет,нет,нет,нет,нет,нет,нет,нет,нет,Нет,нет,нет,нет,нет,нет,да,нет,нет,нет,нет,нет
10,Арматурщик,нет,да,нет ,нет,да,нет,да,нет,нет,нет,нет,да,да,нет,да,нет,нет,нет,нет,нет,да,нет,нет,да,нет,нет,нет,да,нет,нет,да,да,нет,нет,нет,да,нет,нет,да,нет,Да ,нет,нет,нет,нет,нет,да,нет,нет,нет,да,да,нет,нет,нет,нет,нет,нет,нет,нет,нет,нет,да,нет,да,нет,да,нет,нет,да,да,да,нет,нет,нет,нет,нет,Нет,нет,нет,да,нет,нет,да,нет,нет,да,нет,нет
11,Бетонщик,да,да,нет,нет,да,нет,да,нет,нет,нет,нет,да,да,нет,да,нет,да,нет,нет,нет,да,нет,нет,да,нет,нет,нет,да,да,нет,нет,да,нет,да,нет,да,нет,нет,да,нет,Да ,нет,нет,да,нет,нет,да,нет,нет,нет,да,да,нет,нет,нет,нет,нет,да,нет,нет,да,нет,да,нет,да,да,да,нет,нет,нет,да,да,нет,нет,да,нет,нет,Да,да,нет,да,да,да,да,нет,нет,да,нет,нет
12,Бухгалтер,да,да,да,да,да,да,да,да,нет,нет,да,да,да,да,да,нет,да,да,нет,да,да,да,да,да,да,да,нет,да,да,да,да,нет,нет,да,да,да,да,да,да,нет,Да ,да,да,да,да,нет,да,ДА,да,нет,да,да,да,да,да,да,да,да,да,да,да,да,да,нет,да,да,да,да,да,да,да,да,да,да,да,да,нет,Да,да,нет,да,да,да,да,да,да,да,да,да
13,Ветеринарный фельдшер,нет,да,нет,да,да,да,да,нет,да,нет,нет,нет,нет,нет,нет,нет,да,нет,нет,нет,да,нет,нет,да,нет,нет,нет,да,да,нет,нет,нет,нет,нет,нет,нет,нет,нет,да,нет,Да ,нет,нет,да,нет,да,нет,нет,нет,нет,да,да,нет,нет,нет,да,нет,нет,нет,нет,нет,нет,да,нет,да,да,да,нет,нет,нет,нет,да,нет,да,да,нет,нет,Нет,да,нет,нет,нет,нет  ,да,нет,нет,нет,нет,нет
14,Виноградарь,нет,нет,нет ,нет,нет,нет,нет,нет,нет,нет,нет,нет,да,нет,нет,нет,нет,нет,нет,нет,нет,нет,нет,нет,нет,нет,нет,да,нет,нет,нет,нет,нет,нет,нет,нет,нет,нет,нет,нет,Нет ,нет,нет,нет,нет,нет,нет,нет,нет,нет,нет,нет,нет,нет,нет,нет,нет,да,нет,нет,нет,нет,нет,нет,нет,нет,нет,нет,нет,нет,нет,нет,нет,нет,нет,нет,нет,Нет,нет,нет,нет,нет,нет,нет,нет,нет,нет,нет,нет
15,Внешний пилот,нет,нет,нет ,нет,нет,нет,нет,нет,нет,нет,нет,нет,нет,нет,нет,нет,нет,да,нет,нет,нет,нет,нет,нет,нет,нет,нет,нет,нет,нет,нет,нет,нет,нет,нет,нет,нет,нет,нет,нет,Нет ,нет,нет,нет,нет,нет,да,нет,нет,нет,нет,нет,нет,нет,нет,нет,нет,нет,нет,нет,нет,нет,нет,нет,нет,нет,нет,нет,нет,нет,нет,нет,нет,нет,нет,нет,нет,Нет,нет,нет,нет,нет,нет,нет,нет,нет,нет,нет,нет
16,Водитель автобуса,да,да,да,да,да,да,да,да,нет,да,да,да,нет,да,да,нет,да,нет,да,да,да,да,да,да,да,да,да,да,да,да,да,да,да,да,нет,да,нет,нет,нет,да,Да ,да,да,да,нет,нет,да,ДА,да,нет,да,да,нет,нет,нет,нет,да,да,нет,да,да,нет,да,да,да,да,да,нет,да,да,да,да,да,да,да,да,нет,Да,да,да,да,да,да,да,нет,нет,да,да,да
17,Водитель грузового автомобиля,да,да,да,нет,да,да,да,да,да,да,да,да,да,нет,да,нет,да,нет,да,нет,да,да,да,да,да,да,да,да,да,да,нет,да,да,нет,да,да,да,да,да,нет,Да ,да,нет,нет,нет,нет,да,ДА,да,нет,да,да,нет,да,нет,нет,да,да,да,нет,да,нет,да,нет,да,да,да,нет,да,да,да,да,да,нет,да,нет,да,Да,да,да,да,да,да,да,да,нет,да,нет,да
18,"Водитель легкового автомобиля, такси, фургона",да,да,да,нет,да,да,да,да,нет,да,да,да,да,нет,нет,нет,нет,да,нет,нет,да,нет,нет,да,да,нет,нет,нет,да,нет,да,да,да,да,да,да,да,нет,нет,нет,Да ,да,нет,да,нет,да,да,ДА,да,нет,да,да,нет,да,нет,да,да,нет,нет,нет,да,нет,да,нет,да,нет,да,да,нет,да,да,да,нет,нет,да,да,нет,Да,да,да,да,нет,нет,да,нет,да,да,да,да
19,Водитель трамвая,да,нет,нет,нет,нет,нет,нет,нет,нет,нет,да,да,нет,да,нет,нет,нет,нет,нет,нет,да,нет,нет,нет,да,нет,нет,нет,нет,нет,нет,нет,нет,нет,нет,да,нет,нет,да,нет,Да ,нет,нет,нет,нет,да,нет,нет,нет,нет,да,нет,нет,нет,нет,нет,нет,да,нет,нет,нет,нет,нет,нет,нет,нет,нет,да,да,нет,да,да,нет,нет,нет,нет,нет,Нет,да,нет,да,нет,нет,да,нет,нет,нет,нет,нет
20,Водитель троллейбуса,да,нет,нет,нет,нет,да,да,нет,нет,нет,да,да,нет,да,нет,нет,нет,нет,нет,нет,да,нет,нет,нет,да,нет,нет,да,нет,нет,нет,нет,нет,нет,нет,да,нет,нет,нет,да,Да ,нет,нет,нет,нет,нет,да,нет,нет,нет,да,нет,нет,нет,нет,нет,нет,да,нет,да,нет,нет,нет,нет,да,нет,да,нет,да,нет,да,да,нет,нет,нет,нет,нет,Нет,да,нет,да,нет,нет,нет,нет,нет,нет,нет,нет
21,"Вязальщик схемных жгутов, кабелей и шнуров",нет,нет,нет,нет,нет,нет,да,нет,нет,нет,нет,нет,нет,нет,нет,нет,нет,нет,нет,нет,нет,нет,нет,нет,нет,нет,нет,нет,нет,нет,нет,нет,нет,нет,нет,нет,нет,нет,нет,нет,Нет ,нет,нет,нет,нет,нет,нет,нет,нет,нет,нет,нет,нет,нет,нет,нет,нет,нет,нет,нет,нет,нет,нет,нет,нет,нет,да,нет,нет,нет,нет,нет,нет,нет,нет,нет,нет,Нет,да,нет,нет,нет,нет,нет,нет,нет,нет,нет,нет
22,Геодезист,нет,да,нет,нет,да,нет,да,нет,нет,нет,нет,да,нет,нет,нет,нет,нет,нет,нет,нет,да,нет,нет,нет,нет,нет,нет,да,нет,нет,нет,да,да,нет,нет,нет,нет,нет,нет,нет,Нет ,нет,нет,да,нет,да,да,нет,нет,нет,да,да,нет,нет,нет,нет,нет,нет,нет,нет,нет,да,нет,нет,да,нет,нет,нет,нет,да,нет,нет,нет,нет,нет,нет,нет,Да,да,нет,да,нет,нет,да,нет,нет,да,нет,нет
23,Горничная,да,да,нет,да,да,нет,да,нет,да,нет,да,да,нет,нет,нет,нет,да,да,нет,нет,да,да,нет,нет,да,нет,нет,да,нет,нет,нет,да,нет,нет,нет,да,нет,нет,нет,нет,Нет ,нет,да,да,нет,нет,да,нет,нет,нет,да,да,нет,нет,нет,да,нет,да,нет,нет,нет,да,да,нет,да,нет,да,нет,нет,да,да,да,да,нет,да,нет,нет,Да,да,нет,да,нет,нет,да,да,нет,нет,нет,да
24,Горнорабочий,нет,нет,нет ,нет,нет,нет,нет,нет,нет,нет,нет,да,нет,нет,нет,нет,нет,нет,нет,нет,нет,нет,нет,нет,да,нет,нет,нет,нет,нет,нет,нет,нет,да,нет,нет,нет,нет,нет,нет,Нет ,нет,нет,нет,нет,нет,да,нет,нет,нет,да,да,нет,нет,нет,нет,нет,нет,нет,нет,да,нет,нет,нет,да,нет,нет,нет,нет,нет,да,нет,нет,нет,нет,нет,нет,Нет,нет,нет,да,нет,нет,да,нет,нет,да,нет,нет
25,Дефектоскопист (разных специализаций),нет,да,нет,нет,нет,нет,да,нет,нет,да,нет,да,нет,нет,нет,нет,нет,да,нет,нет,нет,нет,нет,нет,да,нет,нет,да,нет,да,нет,да,нет,нет,нет,нет,нет,нет,нет,нет,Нет ,нет,нет,нет,нет,нет,да,нет,нет,нет,да,да,нет,нет,нет,нет,нет,нет,нет,нет,нет,нет,нет,нет,да,нет,да,нет,нет,нет,нет,нет,нет,нет,нет,нет,нет,Нет,нет,нет,нет,нет,нет,да,нет,нет,нет,нет,нет
26,"Диспетчер (центра управления сетями, оперативно-диспетчерской группы, службы)",да,да,да,нет,да,да,да,нет,нет,нет,да,да,нет,нет,нет,нет,да,нет,нет,нет,да,нет,нет,нет,нет,нет,нет,нет,да,нет,нет,да,нет,да,нет,да,нет,нет,нет,нет,Да ,нет,нет,нет,нет,да,да,ДА,нет,нет,да,да,нет,да,нет,да,да,нет,да,нет,нет,нет,да,нет,нет,нет,да,нет,нет,да,да,да,да,нет,да,нет,нет,Да,да,нет,да,нет,да,да,нет,нет,да,нет,нет
27,Животновод,да,да,нет,нет,да,да,нет,нет,нет,нет,нет,да,нет,нет,нет,да,да,да,нет,нет,да,да,нет,нет,нет,нет,нет,нет,да,нет,нет,да,нет,нет,нет,нет,нет,нет,да,нет,Да ,нет,нет,нет,нет,да,нет,нет,нет,нет,да,да,нет,нет,да,нет,нет,нет,нет,да,нет,нет,да,нет,да,нет,да,нет,нет,нет,нет,да,нет,нет,да,да,нет,Да,да,нет,нет,нет,нет,да,нет,нет,нет,нет,нет
28,Закройщик,нет,да,нет ,нет,да,нет,нет,нет,нет,нет,нет,да,нет,нет,нет,нет,да,нет,нет,нет,нет,да,нет,нет,да,нет,да,нет,нет,да,нет,нет,нет,нет,нет,да,нет,нет,нет,нет,Нет ,нет,да,да,нет,нет,нет,нет,нет,нет,да,нет,нет,нет,нет,нет,нет,нет,нет,нет,нет,нет,да,нет,нет,да,да,нет,нет,нет,да,да,нет,нет,нет,нет,нет,Нет,нет,нет,да,да,нет,да,нет,нет,нет,нет,нет
29,Зоотехник,да,нет,нет,нет,да,да,нет,нет,нет,да,нет,да,нет,нет,нет,да,да,нет,нет,нет,да,нет,нет,нет,нет,нет,нет,да,да,нет,нет,да,нет,нет,нет,нет,нет,нет,нет,нет,Да ,нет,нет,да,нет,нет,нет,нет,нет,нет,да,нет,нет,нет,нет,нет,нет,нет,нет,нет,нет,нет,да,нет,да,да,да,нет,нет,нет,нет,да,нет,нет,нет,нет,нет,Нет,да,нет,да,нет,нет,да,нет,нет,нет,нет,нет
30,Инженер по автоматизированным системам управления производством,нет,да,нет,нет,да,нет,да,нет,да,нет,да,да,нет,нет,нет,нет,нет,нет,нет,нет,да,нет,нет,да,нет,нет,нет,да,да,нет,нет,да,нет,нет,нет,нет,нет,нет,да,нет,Нет ,нет,нет,нет,нет,нет,да,нет,нет,нет,да,да,нет,нет,нет,да,нет,нет,нет,нет,нет,нет,да,нет,нет,да,да,нет,да,нет,нет,нет,нет,да,да,нет,нет,Нет,да,нет,да,нет,нет,да,нет,нет,нет,нет,нет
31,Инженер по контрольно-измерительным приборам и автоматике,нет,да,нет,нет,да,да,да,нет,нет,нет,да,да,нет,нет,нет,нет,нет,нет,нет,нет,да,нет,нет,нет,нет,нет,нет,да,нет,да,нет,да,нет,нет,нет,нет,нет,нет,да,нет,Да ,нет,нет,да,нет,нет,нет,нет,нет,нет,да,нет,нет,нет,нет,да,нет,нет,нет,нет,нет,нет,нет,нет,нет,да,да,нет,нет,да,нет,да,да,нет,нет,да,нет,Да,да,нет,да,да,да,да,нет,нет,нет,нет,нет
32,Инженер по метрологии,нет,да,нет,нет,нет,нет,да,нет,нет,нет,нет,да,нет,нет,нет,нет,да,да,нет,нет,да,нет,нет,нет,нет,нет,нет,да,нет,да,нет,да,нет,да,нет,нет,нет,нет,да,нет,Да ,нет,нет,да,нет,нет,нет,нет,нет,нет,да,да,нет,нет,нет,да,нет,нет,нет,нет,нет,нет,да,нет,да,нет,да,нет,нет,нет,нет,нет,да,да,да,да,нет,Нет,да,нет,да,да,да,да,нет,нет,нет,нет,нет
33,Инженер-электрик,нет,да,нет,нет,да,да,да,нет,да,нет,нет,да,нет,нет,нет,нет,нет,нет,нет,нет,да,нет,нет,нет,нет,нет,нет,да,да,да,нет,нет,нет,нет,нет,да,нет,нет,да,нет,Да ,нет,нет,нет,нет,нет,нет,нет,нет,нет,да,да,нет,да,нет,нет,нет,нет,нет,нет,нет,нет,да,нет,да,нет,да,нет,нет,нет,нет,да,да,да,нет,нет,нет,Нет,да,нет,да,да,нет,да,нет,нет,нет,нет,нет
34,Инженер-электромеханик,нет,да,нет ,нет,нет,нет,нет,нет,нет,нет,нет,да,нет,нет,нет,нет,нет,нет,нет,нет,да,нет,нет,нет,нет,нет,нет,да,нет,да,нет,нет,нет,нет,нет,нет,нет,нет,да,нет,Нет ,нет,нет,нет,нет,да,нет,нет,нет,нет,нет,нет,нет,нет,нет,нет,нет,нет,нет,нет,нет,нет,нет,нет,нет,да,да,нет,нет,нет,нет,да,нет,да,нет,нет,нет,Нет,нет,нет,да,нет,нет,да,нет,нет,нет,нет,нет
35,Инженер-электроник,нет,да,нет,нет,да,да,да,нет,нет,нет,нет,да,нет,нет,нет,нет,да,нет,нет,нет,да,да,нет,да,нет,нет,нет,да,нет,да,нет,да,нет,да,нет,нет,нет,нет,да,нет,Да ,нет,нет,нет,нет,да,нет,нет,нет,нет,да,да,нет,нет,нет,нет,нет,нет,нет,нет,нет,нет,да,нет,да,да,да,нет,нет,нет,нет,да,да,нет,нет,нет,нет,Нет,нет,нет,да,нет,да,да,нет,да,да,нет,нет
36,Инженер-энергетик,нет,да,нет,нет,да,нет,да,нет,да,нет,нет,да,нет,нет,нет,нет,да,нет,нет,нет,да,нет,нет,да,нет,нет,нет,да,нет,да,нет,нет,нет,нет,нет,нет,нет,нет,да,нет,Да ,нет,нет,нет,нет,да,нет,нет,нет,нет,да,да,нет,нет,нет,нет,нет,нет,нет,нет,нет,нет,да,нет,да,да,да,нет,да,нет,нет,да,да,нет,нет,нет,нет,Нет,да,нет,да,да,да,да,нет,да,нет,нет,нет
37,Инструктор беспилотного воздушного судна,нет,да,нет ,нет,нет,да,нет,нет,нет,нет,да,нет,нет,нет,нет,нет,нет,да,нет,нет,нет,нет,нет,нет,нет,нет,нет,да,да,нет,нет,да,нет,нет,нет,нет,нет,нет,нет,нет,Нет ,нет,нет,нет,нет,нет,да,нет,нет,нет,нет,нет,нет,да,нет,нет,нет,нет,нет,нет,нет,нет,нет,нет,нет,нет,да,нет,нет,нет,да,нет,нет,нет,нет,нет,нет,Нет,нет,нет,нет,да,нет,да,нет,нет,нет,нет,нет
38,Инструктор-методист по физической культуре и спорту,нет,да,нет,нет,нет,да,нет,нет,нет,нет,да,да,нет,да,нет,нет,да,нет,нет,да,да,да,нет,нет,да,нет,нет,нет,да,нет,нет,нет,нет,нет,нет,да,нет,нет,да,нет,Да ,нет,нет,нет,нет,да,да,нет,нет,нет,да,да,да,нет,нет,нет,да,да,нет,да,нет,да,да,нет,да,нет,да,нет,нет,нет,да,да,да,да,да,нет,нет,Да,да,нет,да,нет,нет,да,нет,нет,да,нет,да
39,Каменщик,да,да,да,нет,да,нет,да,нет,нет,нет,да,да,да,нет,да,нет,да,да,нет,нет,да,нет,нет,да,нет,нет,нет,да,нет,нет,нет,да,нет,да,нет,да,нет,нет,да,нет,Нет ,нет,нет,да,нет,нет,да,нет,нет,нет,да,да,да,нет,нет,нет,нет,нет,да,нет,нет,нет,да,нет,да,нет,да,нет,нет,нет,да,да,нет,нет,да,нет,нет,Да,да,нет,да,да,нет,да,нет,нет,нет,нет,нет
40,Консультант по банковским продуктам,нет,да,нет ,нет,нет,нет,нет,нет,нет,нет,да,нет,нет,нет,нет,нет,нет,нет,нет,нет,нет,нет,нет,нет,нет,нет,нет,нет,да,нет,нет,нет,нет,нет,нет,да,нет,нет,нет,нет,Нет ,нет,нет,нет,нет,нет,да,нет,нет,нет,да,да,нет,нет,нет,да,нет,нет,нет,нет,нет,да,да,нет,нет,нет,да,нет,нет,нет,да,нет,нет,нет,да,нет,нет,Да,да,нет,нет,нет,нет,да,нет,нет,нет,нет,нет
41,Контролер в литейном производстве,нет,нет,нет ,нет,нет,нет,да,нет,нет,нет,нет,нет,нет,нет,нет,нет,нет,да,нет,нет,нет,нет,нет,нет,нет,нет,нет,нет,нет,да,нет,нет,нет,нет,нет,нет,нет,нет,да,нет,Нет ,нет,нет,нет,нет,да,нет,нет,нет,нет,нет,нет,нет,нет,нет,нет,нет,нет,нет,нет,нет,нет,да,нет,нет,нет,да,нет,нет,нет,нет,да,нет,нет,нет,нет,нет,Нет,нет,нет,нет,нет,нет,да,нет,нет,нет,нет,нет
42,Контролер кузнечно-прессовых работ,нет,нет,нет ,нет,нет,нет,да,нет,нет,нет,нет,нет,нет,нет,нет,нет,нет,нет,нет,нет,нет,нет,нет,нет,нет,нет,нет,нет,да,нет,нет,нет,нет,нет,нет,нет,нет,нет,да,нет,Нет ,нет,нет,нет,нет,нет,нет,нет,нет,нет,нет,нет,нет,нет,нет,нет,нет,нет,нет,нет,нет,нет,нет,нет,нет,нет,нет,нет,нет,нет,нет,да,нет,нет,нет,нет,нет,Нет,нет,нет,нет,нет,нет,да,нет,нет,нет,нет,нет
43,Контролер по качеству,да,нет,нет,нет,нет,да,нет,нет,нет,нет,нет,да,нет,нет,нет,нет,нет,нет,нет,нет,да,нет,нет,нет,нет,нет,нет,да,да,нет,нет,нет,да,нет,нет,да,нет,нет,да,нет,Нет ,нет,нет,нет,нет,да,да,нет,нет,нет,да,да,нет,нет,нет,нет,нет,нет,нет,нет,нет,да,нет,нет,нет,нет,да,нет,да,нет,нет,да,нет,нет,да,нет,нет,Нет,да,нет,да,нет,нет,да,нет,нет,нет,нет,да
44,Контролер радиоэлектронной аппаратуры и приборов,нет,нет,нет ,нет,нет,нет,да,нет,нет,нет,нет,да,нет,нет,нет,нет,нет,нет,нет,нет,нет,нет,нет,нет,нет,нет,нет,нет,нет,нет,нет,нет,нет,нет,нет,нет ,нет,нет,да,нет,Да ,нет,нет,нет,нет,нет,нет,нет,нет,нет,нет,нет,нет,нет,нет,нет,нет,нет,нет,нет,нет,нет,да,нет,нет,да,да,нет,нет,нет,нет,нет,нет,нет,нет,нет,нет,Нет,нет,нет,нет,нет,нет,нет,нет,нет,нет,нет,нет
45,Контролер станочных и слесарных работ,да,нет,нет ,нет,нет,да,да,нет,нет,нет,нет,да,нет,нет,нет,нет,да,нет,нет,нет,нет,да,нет,нет,нет,нет,нет,да,нет,да,нет,да,нет,нет,нет,нет,нет,нет,да,нет,Нет ,нет,нет,нет,нет,да,нет,нет,нет,нет,да,нет,нет,нет,нет,нет,нет,нет,нет,нет,нет,нет,да,нет,нет,нет,да,нет,нет,нет,да,да,нет,нет,нет,нет,нет,Нет,да,нет,нет,нет,нет,да,нет,нет,нет,нет,нет
46,Кузнец на молотах и прессах,нет,нет,нет,нет,нет,нет,нет,нет,нет,нет,нет,нет,нет,нет,нет,нет,нет,нет,нет,нет,да,нет,нет,нет,нет,нет,нет,нет,нет,нет,нет,да,нет,нет,нет,нет,нет,нет,нет,нет,Нет ,нет,нет,нет,нет,нет,нет,нет,нет,нет,нет,нет,нет,нет,нет,нет,нет,нет,нет,нет,нет,нет,нет,нет,нет,нет,нет,нет,нет,нет,нет,да,нет,нет,нет,нет,нет,Нет,да,нет,нет,нет,нет,да,нет,нет,нет,нет,нет
47,Лаборант по переработке рыбы и морепродуктов,нет,нет,нет,нет,нет,нет,нет,нет,нет,нет,нет,нет,нет,нет,нет,нет,нет,нет,нет,нет,нет,нет,нет,нет,нет,нет,нет,нет,нет,нет,нет,нет,нет,да,нет,нет,нет,нет,нет,нет,Нет ,нет,нет,нет,нет,нет,нет,нет,нет,нет,нет,нет,нет,нет,нет,да,нет,нет,нет,нет,нет,нет,нет,нет,нет,нет,нет,нет,нет,нет,нет,нет,нет,нет,нет,нет,нет,Нет,нет,нет,нет,нет,нет,да,нет,нет,нет,нет,нет
48,Лаборант химического анализа,да,да,да,да,да,да,да,нет,да,нет,нет,да,нет,нет,да,нет,нет,да,да,да,да,да,нет,да,да,нет,да,да,да,да,нет,да,да,да,да,нет,нет,нет,нет,нет,Да ,нет,да,да,нет,да,да,нет,нет,нет,да,да,нет,нет,нет,да,нет,нет,нет,нет,да,нет,да,нет,нет,да,да,да,нет,нет,нет,да,нет,да,да,нет,да,Да,да,да,да,да,да,да,нет,нет,нет,да,нет
49,"Лаборант химического анализа воды в системах водоснабжения, водоотведения, теплоснабжения",нет,нет,нет,нет,нет,да,нет,нет,нет,нет,нет,нет,нет,нет,нет,нет,нет,нет,нет,нет,да,нет,нет,да,нет,нет,нет,да,нет,нет,нет,да,нет,да,да,нет,нет,нет,нет,нет,Нет ,нет,нет,нет,нет,нет,да,нет,нет,нет,нет,нет,нет,нет,нет,да,нет,нет,нет,нет,нет,нет,нет,нет,нет,нет,да,нет,да,нет,нет,нет,да,нет,нет,нет,нет,Нет,нет,нет,нет,нет,нет,да,нет,нет,нет,нет,нет
50,Лесничий,нет,да,нет,нет,нет,нет,да,нет,нет,нет,нет,нет,нет,нет,нет,да,нет,нет,нет,нет,да,нет,нет,нет,нет,нет,нет,да,да,нет,нет,да,нет,нет,нет,нет,нет,нет,да,нет,Нет ,нет,нет,нет,нет,нет,нет,нет,нет,нет,нет,да,нет,нет,нет,да,да,нет,нет,нет,нет,нет,да,нет,да,нет,да,нет,нет,нет,нет,да,нет,нет,да,нет,нет,Нет,да,нет,да,нет,нет,нет,нет,нет,нет,нет,нет
51,Лесовод,нет,да,нет ,нет,нет,да,да,нет,да,нет,нет,нет,нет,нет,нет,да,нет,нет,нет,нет,нет,нет,нет,нет,нет,нет,нет,нет,да,нет,нет,да,нет,нет,нет,нет,нет,нет,нет,нет,Нет ,нет,нет,нет,нет,нет,нет,нет,нет,нет,нет,да,нет,нет,нет,нет,нет,нет,нет,нет,нет,нет,нет,нет,нет,нет,нет,нет,нет,нет,нет,да,нет,нет,нет,нет,нет,Нет,нет,нет,нет,нет,нет,нет,да,нет,нет,нет,нет
52,Литейщик металлов и сплавов,нет,нет,нет ,нет,нет,да,да,нет,нет,нет,нет,нет,нет,нет,нет,нет,нет,да,нет,нет,нет,нет,нет,нет,нет,нет,нет,нет,нет,да,нет,нет,нет,нет,нет,нет,нет,нет,нет,нет,Нет ,нет,нет,нет,нет,нет,нет,нет,нет,нет,нет,да,нет,нет,нет,нет,нет,нет,нет,нет,нет,нет,нет,нет,да,нет,да,нет,нет,нет,нет,да,нет,нет,нет,нет,нет,Нет,нет,нет,нет,нет,нет,да,нет,нет,нет,нет,нет
53,Маляр строительный,нет,да,да,да,нет,да,нет,нет,да,нет,да,да,нет,да,нет,нет,да,нет,нет,нет,да,нет,нет,нет,нет,нет,нет,да,нет,нет,нет,да,нет,да,нет,да,нет,нет,да,нет,Да ,нет,нет,нет,нет,нет,да,нет,нет,нет,нет,да,нет,нет,нет,нет,нет,да,нет,да,нет,нет,нет,нет,да,да,да,нет,нет,нет,нет,да,да,нет,нет,нет,нет,Да,да,нет,да,нет,нет,да,нет,да,нет,да,нет
54,Маркшейдер,нет,да,нет,нет,нет,нет,да,нет,нет,нет,нет,да,нет,нет,нет,нет,нет,нет,нет,нет,да,нет,нет,нет,нет,нет,нет,нет,нет,нет,нет,нет,нет,нет,нет,нет,нет,нет,нет,нет,Нет ,нет,нет,нет,нет,нет,нет,нет,нет,нет,нет,нет,нет,нет,нет,нет,нет,нет,нет,нет,нет,нет,да,нет,да,нет,нет,нет,нет,нет,нет,нет,нет,нет,нет,нет,нет,Нет,нет,нет,да,нет,нет,нет,нет,нет,да,нет,нет
55,Мастер контрольно-измерительных приборов и автоматики,нет,нет,нет,нет,нет,да,нет,нет,нет,нет,нет,нет,нет,нет,нет,нет,да,нет,нет,нет,да,нет,нет,нет,нет,нет,нет,да,да,нет,нет,нет,нет,нет,нет,нет,нет,нет,нет,нет,Нет ,да,нет,нет,нет,да,нет,нет,нет,нет,нет,нет,нет,нет,нет,нет,нет,да,нет,нет,нет,нет,нет,нет,нет,да,да,нет,нет,нет,нет,да,нет,нет,нет,нет,нет,Нет,нет,нет,нет,нет,нет,нет,нет,нет,нет,нет,нет
56,Мастер общестроительных работ,да,да,нет,нет,нет,нет,нет,нет,нет,нет,нет,да,нет,нет,нет,нет,нет,нет,нет,нет,да,нет,нет,нет,нет,нет,нет,да,да,нет,нет,нет,нет,нет,нет,нет,нет,нет,нет,нет,Нет ,нет,нет,нет,нет,да,нет,нет,нет,нет,нет,нет,нет,нет,нет,нет,нет,нет,нет,нет,нет,нет,нет,да,нет,нет,да,нет,нет,нет,нет,да,нет,нет,нет,нет,нет,Да,да,нет,да,да,нет,да,нет,нет,нет,нет,нет
57,Мастер отделочных строительных и декоративных работ,нет,да,нет,нет,нет,нет,нет,нет,нет,нет,да,нет,нет,нет,нет,нет,нет,нет,нет,нет,да,нет,нет,нет,нет,да,нет,нет,нет,нет,нет,нет,нет,нет,нет,нет,нет,нет,нет,нет,Нет ,нет,нет,нет,нет,нет,нет,нет,нет,нет,нет,нет,нет,нет,нет,нет,нет,да,нет,нет,нет,нет,нет,да,нет,нет,да,нет,нет,нет,нет,да,нет,нет,нет,нет,нет,Нет,нет,нет,нет,нет,нет,да,нет,нет,нет,нет,нет
58,Мастер по техническому обслуживанию и ремонту автотранспортных средств,нет,да,нет,нет,нет,нет,нет,да,нет,нет,да,да,нет,нет,нет,нет,нет,нет,нет,нет,да,нет,нет,нет,нет,нет,нет,нет,да,нет,нет,нет,нет,нет,нет,да,да,нет,нет,нет,Нет ,нет,нет,нет,нет,нет,да,ДА,нет,нет,нет,нет,нет,нет,нет,нет,нет,да,нет,нет,нет,нет,нет,да,нет,нет,да,нет,нет,нет,да,да,нет,нет,да,нет,нет,Да,нет,нет,нет,нет,нет,нет,нет,нет,да,нет,нет
59,Мастер столярно-плотницких работ,да,да,нет,нет,нет,нет,нет,нет,нет,нет,да,да,нет,нет,нет,нет,нет,нет,нет,нет,да,нет,нет,нет,нет,нет,нет,нет,нет,нет,нет,нет,нет,нет,нет,нет,нет,нет,нет,нет,Нет ,нет,нет,нет,нет,нет,да,нет,нет,нет,нет,да,нет,нет,нет,нет,нет,нет,нет,нет,нет,нет,да,нет,да,нет,да,нет,нет,нет,нет,да,нет,нет,нет,нет,нет,Да,нет,нет,да,нет,нет,да,нет,нет,нет,нет,нет
60,Машинист автовышки и автогидроподъемника,да,да,нет,нет,да,да,да,нет,нет,нет,нет,да,нет,нет,нет,нет,да,нет,нет,нет,да,нет,нет,нет,нет,нет,нет,да,нет,нет,нет,да,нет,нет,нет,да,нет,нет,нет,нет,Нет ,нет,нет,да,нет,нет,да,нет,нет,нет,да,да,нет,нет,нет,нет,нет,нет,нет,нет,нет,нет,да,нет,да,да,да,нет,нет,нет,нет,да,нет,нет,нет,нет,нет,Нет,да,нет,да,да,нет,да,нет,нет,да,нет,нет
61,Машинист автогрейдера,да,да,да,нет,да,да,да,нет,нет,нет,нет,нет,нет,нет,нет,нет,нет,нет,да,нет,да,нет,нет,нет,да,нет,нет,да,нет,нет,нет,нет,нет,нет,да,нет,нет,нет,нет,нет,Нет ,нет,нет,нет,нет,нет,да,нет,нет,нет,да,да,нет,нет,нет,да,да,нет,нет,нет,да,нет,да,да,да,да,да,нет,нет,да,нет,нет,нет,нет,да,нет,нет,Да,да,нет,да,нет,нет,да,нет,нет,да,нет,нет
62,Машинист бульдозера,да,да,да,нет,да,да,да,нет,нет,нет,нет,да,нет,нет,да,нет,нет,нет,да,нет,да,нет,да,нет,да,нет,нет,да,да,нет,нет,да,нет,нет,да,нет,нет,нет,да,нет,Да ,нет,нет,да,нет,да,да,ДА,нет,нет,да,да,нет,нет,нет,да,да,нет,нет,нет,да,нет,да,да,да,нет,да,нет,нет,нет,да,да,да,нет,да,да,нет,Да,да,нет,да,нет,нет,да,нет,нет,да,нет,нет
63,Машинист бурильно-крановой самоходной машины,да,да,нет,нет,нет,нет,нет,нет,нет,нет,нет,нет,нет,нет,нет,нет,нет,нет,нет,нет,нет,нет,нет,нет,нет,нет,нет,нет,нет,нет,нет,нет,нет,нет,нет,нет,нет,нет,нет,нет,Нет ,нет,нет,нет,нет,нет,нет,нет,нет,нет,нет,да,нет,нет,нет,нет,нет,нет,нет,нет,нет,нет,нет,нет,нет,нет,да,нет,нет,нет,нет,да,нет,нет,нет,нет,нет,Нет,да,нет,нет,нет,нет,нет,нет,нет,нет,нет,нет
64,Машинист буровой установки,нет,да,нет,нет,нет,нет,нет,нет,нет,нет,нет,нет,нет,нет,нет,да,нет,нет,нет,нет,нет,нет,нет,нет,да,нет,нет,да,нет,нет,нет,нет,нет,нет,нет,нет,нет,нет,нет,нет,Нет ,нет,нет,нет,нет,нет,да,нет,нет,нет,нет,да,нет,нет,нет,нет,да,нет,нет,нет,да,нет,нет,нет,да,нет,нет,нет,нет,нет,нет,нет,нет,нет,нет,нет,нет,Нет,нет,нет,да,нет,нет,да,нет,нет,нет,нет,нет
65,Машинист дорожно-транспортных машин,нет,да,да,нет,нет,нет,нет,нет,нет,нет,нет,нет,нет,нет,нет,нет,нет,нет,нет,нет,да,нет,нет,нет,да,нет,нет,нет,нет,нет,нет,нет,нет,нет,нет,нет,нет,нет,нет,нет,Нет ,нет,нет,нет,нет,нет,нет,нет,нет,нет,нет,да,нет,нет,нет,нет,нет,нет,нет,нет,нет,нет,нет,да,нет,да,да,нет,нет,нет,нет,нет,нет,нет,нет,нет,нет,Да,нет,нет,да,нет,нет,да,нет,нет,да,нет,нет
66,Машинист катка (разных специализаций),нет,да,нет,нет,нет,да,нет,нет,нет,нет,нет,да,нет,нет,нет,нет,нет,нет,нет,нет,да,нет,нет,нет,нет,нет,нет,да,нет,нет,нет,нет,нет,нет,нет,нет,нет,нет,нет,нет,Нет ,нет,нет,нет,нет,нет,да,нет,нет,нет,да,нет,нет,нет,нет,нет,нет,нет,нет,нет,нет,нет,да,нет,нет,да,да,нет,нет,нет,нет,нет,нет,нет,нет,нет,нет,Нет,нет,нет,да,нет,нет,да,нет,нет,нет,нет,нет
67,Машинист компрессорных установок,нет,да,нет,нет,нет,нет,да,нет,нет,нет,нет,да,нет,нет,нет,нет,нет,нет,нет,нет,да,нет,нет,нет,да,нет,нет,нет,нет,нет,нет,нет,нет,нет,нет,нет,нет,нет,нет,нет,Нет ,нет,нет,нет,нет,да,нет,нет,нет,нет,да,нет,нет,нет,нет,нет,нет,нет,нет,нет,нет,нет,да,нет,нет,нет,да,нет,нет,нет,нет,да,нет,нет,нет,нет,нет,Нет,нет,да,да,нет,нет,да,нет,нет,нет,нет,нет
68,Машинист конвейера,нет,да,нет,нет,нет,нет,да,нет,нет,нет,нет,нет,нет,нет,нет,нет,да,нет,нет,нет,нет,нет,нет,нет,да,нет,нет,нет,нет,нет,нет,нет,нет,нет,нет,нет,нет,нет,нет,нет,Нет ,нет,нет,нет,нет,нет,нет,нет,нет,нет,нет,нет,нет,нет,нет,нет,нет,нет,нет,нет,да,нет,нет,нет,нет,да,нет,нет,нет,нет,нет,нет,нет,нет,нет,нет,нет,Нет,нет,нет,да,нет,нет,да,нет,нет,нет,нет,нет
69,Машинист котлов,нет,да,да,да,нет,нет,да,нет,да,нет,нет,да,да,нет,нет,да,нет,нет,нет,да,да,нет,нет,нет,да,да,нет,да,нет,нет,нет,да,нет,нет,нет,нет,да,нет,да,нет,Нет ,нет,нет,нет,нет,нет,да,нет,нет,нет,нет,да,нет,нет,нет,да,нет,да,нет,нет,нет,нет,нет,нет,да,нет,да,нет,нет,да,нет,нет,нет,нет,нет,нет,нет,Нет,да,нет,да,нет,да,да,нет,нет,да,нет,нет
70,Машинист крана (крановщик),да,да,нет,да,да,да,да,да,да,да,нет,да,нет,нет,да,нет,нет,нет,нет,нет,да,да,нет,нет,да,нет,нет,да,нет,да,нет,да,да,нет,нет,да,да,нет,да,да,Да ,нет,да,нет,нет,да,да,нет,нет,нет,да,да,нет,нет,нет,да,нет,да,нет,да,да,нет,да,да,да,да,да,нет,нет,да,да,да,нет,нет,да,нет,да,Да,да,нет,да,нет,да,да,нет,нет,да,да,нет
71,Машинист насосных установок,нет,да,нет ,да,да,нет,да,нет,нет,нет,нет,да,нет,да,нет,нет,да,нет,нет,нет,да,нет,нет,нет,да,нет,нет,да,да,нет,да,да,нет,да,нет,да,да,нет,нет,нет,Нет ,нет,нет,нет,нет,да,да,нет,нет,нет,да,да,нет,нет,нет,нет,нет,да,нет,нет,нет,нет,да,нет,да,нет,да,нет,нет,нет,нет,нет,нет,нет,да,нет,нет,Нет,да,нет,да,нет,нет,да,нет,нет,да,нет,нет
72,Машинист экскаватора,да,да,да,да,да,да,да,нет,нет,нет,нет,да,нет,нет,нет,нет,да,нет,да,нет,да,да,да,да,да,нет,да,да,да,нет,нет,да,нет,нет,да,да,нет,нет,нет,нет,Да ,нет,нет,да,нет,нет,да,ДА,да,нет,да,да,нет,нет,нет,нет,да,да,нет,нет,да,нет,да,да,да,да,да,нет,нет,да,да,да,нет,нет,да,да,нет,Да,да,нет,да,нет,да,да,нет,нет,да,нет,да
73,Медицинская сестра,да,да,да ,да,да,да,да,да,да,да,да,да,да,да,да,нет,да,да,нет,да,да,да,да,да,нет,да,да,да,да,нет,да,нет,да,нет,нет,да,нет,нет,да,нет,нет,да,нет,да,да,да,да,нет,да,нет,да,да,нет,да,да,да,да,да,нет,да,нет,нет,да,нет,да,да,да,да,да,да,да,да,да,нет,да,да,нет,Да,да,да,да,да,да,да,да,да,да,да,да
74,Медицинский лабораторный техник,да,да,нет,да,нет,да,да,нет,да,нет,да,да,нет,нет,нет,нет,да,да,нет,нет,да,нет,нет,нет,нет,нет,нет,да,нет,нет,нет,нет,нет,нет,нет,нет,нет,нет,нет,нет,Нет ,да,нет,да,нет,нет,да,нет,нет,нет,да,да,нет,нет,нет,да,нет,да,нет,нет,нет,нет,да,нет,да,нет,нет,нет,нет,нет,нет,да,да,нет,да,нет,нет,Нет,да,нет,да,нет,нет,да,нет,нет,нет,нет,да
75,Менеджер по информационным технологиям,нет,да,нет ,нет,нет,да,нет,нет,нет,нет,да,нет,нет,нет,нет,нет,нет,нет,нет,нет,нет,да,нет,да,нет,нет,нет,нет,да,нет,нет,нет,нет,нет,нет,да,нет,нет,нет,нет,Нет ,да,нет,нет,нет,нет,да,нет,нет,нет,нет,нет,нет,нет,нет,нет,нет,нет,нет,нет,нет,нет,нет,нет,нет,нет,да,нет,нет,нет,да,да,нет,нет,да,нет,нет,Нет,нет,нет,нет,нет,да,да,нет,нет,нет,нет,да
76,Механизатор (докер-механизатор) комплексной бригады на погрузочно-разгрузочных работах,да,да,нет,нет,нет,да,да,да,да,нет,нет,да,нет,нет,нет,нет,нет,нет,нет,нет,да,нет,нет,нет,нет,нет,нет,нет,нет,нет,нет,нет,нет,нет,нет,нет,нет,нет,нет,нет,Нет ,нет,нет,нет,нет,нет,да,нет,нет,нет,да,нет,нет,нет,нет,нет,нет,нет,нет,да,нет,нет,да,нет,да,нет,да,нет,нет,нет,нет,нет,нет,нет,нет,нет,нет,Да,нет,нет,да,нет,нет,да,нет,нет,нет,нет,нет
77,Механик в области механизации сельского хозяйства,нет,да,нет ,нет,нет,да,нет,нет,нет,нет,нет,нет,нет,нет,нет,нет,нет,нет,нет,нет,нет,нет,нет,нет,нет,нет,нет,да,да,нет,нет,нет,нет,нет,нет,да,нет,нет,нет,нет,Нет ,нет,нет,нет,нет,нет,нет,нет,нет,нет,нет,нет,нет,нет,нет,нет,нет,нет,нет,нет,нет,нет,да,нет,нет,нет,нет,нет,нет,нет,нет,нет,да,нет,нет,нет,нет,Нет,да,нет,нет,нет,нет,нет,нет,нет,нет,нет,да
78,Механик в сельском хозяйстве,нет,да,нет ,нет,нет,да,нет,нет,нет,нет,нет,нет,нет,нет,нет,нет,нет,нет,нет,нет,нет,нет,нет,нет,нет,нет,нет,да,да,да,нет,нет,нет,нет,нет,да,нет,нет,нет,нет,Да ,нет,нет,нет,нет,нет,нет,нет,нет,нет,нет,нет,нет,нет,нет,нет,нет,нет,нет,нет,нет,нет,нет,нет,нет,да,да,нет,нет,нет,нет,нет,да,нет,нет,нет,нет,Нет,да,нет,нет,нет,да,нет,нет,нет,нет,нет,да
79,Механик-наладчик,нет,нет,нет,нет,нет,да,да,нет,нет,нет,нет,да,нет,нет,нет,нет,нет,да,нет,нет,да,нет,нет,нет,нет,нет,нет,да,нет,нет,нет,нет,нет,нет,нет,да,нет,нет,нет,нет,Нет ,нет,нет,нет,нет,нет,да,нет,нет,нет,да,нет,нет,нет,нет,нет,нет,нет,нет,нет,нет,нет,нет,нет,да,да,да,нет,нет,нет,нет,нет,нет,нет,нет,нет,нет,Нет,да,нет,нет,да,нет,нет,нет,нет,нет,нет,нет
80,Младшая медицинская сестра по уходу за больными,да,да,нет,нет,да,да,да,нет,да,нет,да,да,да,да,нет,да,да,нет,да,да,да,нет,нет,нет,да,нет,да,да,да,нет,нет,нет,да,нет,нет,да,да,нет,нет,нет,Да ,нет,нет,нет,нет,да,да,ДА,да,нет,да,да,нет,нет,нет,да,да,да,нет,нет,нет,нет,да,нет,да,да,да,нет,да,да,нет,да,да,да,да,нет,нет,Да,да,нет,да,да,да,нет,да,нет,нет,нет,нет
81,Монтажник бетонных и металлических конструкций,нет,да,да,нет,нет,нет,нет,нет,нет,нет,нет,да,нет,нет,нет,нет,нет,нет,нет,нет,да,нет,нет,да,нет,нет,нет,да,нет,нет,нет,да,нет,нет,нет,да,нет,нет,да,нет,Нет ,нет,нет,нет,нет,да,нет,нет,нет,нет,нет,да,нет,нет,нет,нет,нет,нет,нет,нет,нет,нет,да,нет,да,нет,да,нет,нет,нет,нет,нет,нет,нет,нет,нет,нет,Да,да,нет,нет,нет,нет,нет,нет,нет,нет,нет,нет
82,Монтажник наружных трубопроводов инженерных сетей,нет,да,нет,нет,нет,нет,нет,нет,да,нет,нет,да,нет,нет,нет,нет,нет,нет,нет,нет,нет,нет,нет,нет,нет,нет,нет,да,нет,нет,нет,да,нет,нет,нет,нет,нет,нет,да,нет,Нет ,нет,нет,нет,нет,нет,нет,нет,нет,нет,нет,нет,нет,нет,нет,нет,нет,нет,нет,нет,нет,нет,нет,нет,нет,нет,да,нет,нет,нет,нет,нет,нет,нет,нет,нет,нет,Нет,нет,нет,нет,нет,нет,да,нет,нет,нет,нет,нет
83,Монтажник радиоэлектронной аппаратуры и приборов,нет,нет,нет ,нет,нет,да,да,нет,нет,нет,да,да,нет,нет,нет,нет,нет,нет,нет,нет,нет,да,нет,нет,нет,нет,нет,да,нет,да,нет,нет,нет,да,нет,да,нет,нет,да,да,Да ,нет,нет,нет,нет,нет,нет,нет,нет,нет,да,нет,нет,нет,нет,нет,нет,нет,нет,нет,нет,нет,да,нет,нет,нет,да,нет,нет,нет,нет,да,нет,нет,да,да,нет,Нет,да,нет,нет,нет,нет,да,нет,нет,нет,нет,нет
84,Монтажник санитарно-технических систем и оборудования,нет,да,да,нет,да,нет,да,нет,да,нет,да,да,нет,нет,нет,нет,нет,нет,нет,нет,да,нет,нет,нет,нет,нет,нет,да,нет,нет,нет,нет,нет,да,нет,да,нет,нет,да,нет,Нет ,нет,нет,нет,нет,нет,нет,нет,нет,нет,да,да,нет,нет,нет,нет,нет,нет,нет,нет,нет,нет,да,нет,да,нет,да,нет,нет,нет,да,нет,нет,нет,нет,нет,нет,Да,да,нет,да,нет,нет,нет,нет,нет,нет,нет,нет
85,Монтажник технологических трубопроводов,нет,да,нет,да,нет,нет,да,нет,нет,нет,нет,да,нет,нет,нет,нет,нет,нет,нет,нет,нет,нет,нет,нет,нет,нет,нет,да,нет,нет,нет,нет,нет,нет,нет,да,нет,нет,да,нет,Нет ,нет,нет,нет,нет,да,да,нет,нет,нет,нет,нет,нет,нет,нет,нет,нет,нет,нет,нет,нет,нет,да,нет,нет,да,да,нет,нет,нет,нет,нет,нет,нет,нет,нет,нет,Да,нет,нет,нет,нет,нет,да,нет,нет,нет,нет,нет
86,Монтажник электрических подъемников (лифтов),нет,нет,нет ,нет,нет,нет,нет,нет,нет,нет,да,да,нет,нет,нет,нет,нет,нет,нет,нет,нет,нет,нет,нет,нет,нет,нет,нет,нет,нет,нет,нет,нет,нет,нет,да,нет,нет,да,нет,Нет ,нет,нет,нет,нет,нет,нет,нет,нет,нет,нет,нет,нет,нет,нет,нет,нет,нет,нет,нет,нет,нет,нет,нет,нет,нет,да,нет,нет,нет,нет,да,нет,нет,нет,нет,нет,Нет,нет,нет,нет,нет,нет,да,нет,нет,нет,нет,нет
87,Монтер по обслуживанию и ремонту устройств инфраструктуры,нет,нет,нет ,нет,нет,нет,нет,нет,нет,нет,да,да,нет,нет,нет,нет,нет,нет,нет,нет,нет,нет,нет,нет,нет,нет,нет,нет,нет,нет,нет,нет,нет,нет,нет,нет,нет,нет,нет,нет,Нет ,нет,нет,нет,нет,нет,нет,нет,нет,нет,нет,нет,нет,нет,нет,нет,нет,нет,нет,нет,нет,нет,нет,нет,нет,нет,да,нет,нет,нет,нет,да,нет,нет,нет,нет,нет,Нет,нет,нет,нет,нет,нет,да,нет,нет,нет,нет,нет
88,Монтер пути,да,да,да,нет,да,да,да,нет,да,нет,да,да,да,нет,нет,да,да,нет,нет,нет,да,да,нет,нет,да,нет,нет,да,да,нет,нет,нет,нет,нет,нет,да,да,нет,да,нет,Да ,нет,нет,да,нет,да,да,нет,нет,нет,да,да,нет,нет,нет,да,нет,нет,нет,нет,да,нет,да,нет,да,нет,да,да,нет,нет,да,да,нет,нет,нет,нет,нет,Да,да,нет,да,нет,нет,да,нет,нет,нет,да,да
89,Наладчик автоматических линий и агрегатных станков,да,нет,нет ,нет,нет,да,да,нет,да,нет,нет,да,нет,нет,нет,нет,нет,нет,нет,нет,да,нет,нет,нет,нет,нет,нет,нет,нет,нет,нет,нет,нет,нет,нет,нет,нет,нет,да,нет,Нет ,нет,нет,нет,нет,нет,да,нет,нет,нет,нет,нет,нет,нет,нет,нет,нет,нет,нет,нет,нет,нет,да,нет,нет,да,да,нет,нет,нет,нет,нет,нет,нет,да,нет,нет,Нет,нет,нет,нет,нет,нет,да,нет,нет,нет,нет,да
90,Наладчик контрольно-измерительных приборов и автоматики,да,да,да,нет,да,да,да,да,нет,нет,нет,да,нет,нет,нет,нет,да,нет,нет,нет,да,нет,нет,нет,нет,нет,нет,да,нет,нет,нет,да,нет,нет,нет,да,нет,нет,да,да,Нет ,нет,нет,нет,нет,нет,да,нет,нет,нет,да,нет,нет,нет,нет,нет,нет,нет,нет,нет,нет,нет,да,нет,да,нет,да,нет,нет,нет,нет,да,нет,нет,нет,нет,нет,Нет,да,нет,да,нет,нет,да,нет,нет,нет,нет,нет
91,Наладчик кузнечно-прессового оборудования,нет,нет,нет ,нет,нет,нет,да,нет,нет,нет,нет,нет,нет,нет,нет,нет,нет,нет,нет,нет,нет,нет,нет,нет,нет,нет,нет,да,нет,нет,нет,нет,нет,нет,нет,нет,нет,нет,да,нет,Нет ,нет,нет,нет,нет,нет,нет,нет,нет,нет,нет,нет,нет,нет,нет,нет,нет,нет,нет,нет,нет,нет,да,нет,нет,да,нет,нет,нет,нет,нет,да,нет,нет,нет,нет,нет,Нет,нет,нет,нет,нет,нет,да,нет,нет,нет,нет,нет
92,Наладчик оборудования в производстве пищевой продукции,нет,нет,нет ,нет,да,нет,да,нет,нет,нет,нет,да,нет,нет,нет,нет,нет,нет,нет,нет,да,нет,нет,нет,нет,нет,нет,да,нет,нет,нет,нет,нет,нет,нет,да,нет,нет,да,нет,Нет ,нет,нет,нет,нет,нет,нет,нет,нет,нет,да,нет,нет,нет,нет,нет,нет,нет,нет,нет,нет,нет,нет,нет,да,нет,да,нет,нет,нет,нет,да,нет,нет,нет,нет,нет,Нет,да,нет,нет,нет,нет,да,нет,нет,нет,нет,нет
93,Наладчик станков и манипуляторов с программным обеспечением,да,нет,нет,нет,нет,да,нет,да,нет,нет,нет,да,нет,нет,нет,нет,нет,нет,нет,нет,нет,да,нет,нет,нет,нет,нет,да,нет,да,нет,да,нет,нет,нет,да,нет,нет,да,да,Нет ,нет,нет,нет,нет,да,нет,нет,нет,нет,нет,нет,нет,нет,нет,нет,нет,нет,нет,нет,нет,нет,да,нет,нет,да,да,нет,нет,нет,нет,нет,нет,нет,нет,нет,нет,Нет,да,нет,нет,нет,нет,да,нет,нет,нет,нет,нет
94,Наладчик технологического оборудования,нет,нет,нет ,да,да,да,да,нет,нет,нет,нет,да,нет,нет,да,нет,нет,нет,нет,да,да,да,нет,нет,нет,нет,нет,да,нет,да,нет,да,нет,нет,нет,да,нет,нет,да,нет,Да ,нет,нет,да,нет,нет,да,нет,нет,нет,нет,да,нет,нет,нет,нет,нет,нет,нет,нет,нет,нет,да,нет,нет,нет,да,нет,нет,нет,нет,да,нет,нет,да,нет,нет,Нет,да,нет,да,нет,нет,да,нет,нет,нет,нет,нет
95,Наладчик технологического оборудования в производстве электрооборудования,нет,нет,нет ,нет,нет,нет,нет,нет,нет,нет,нет,да,нет,нет,нет,нет,нет,нет,нет,нет,да,нет,нет,нет,нет,нет,нет,нет,нет,нет,нет,нет,нет,нет,нет,нет,нет,нет,да,нет,Нет ,нет,нет,нет,нет,нет,нет,нет,нет,нет,нет,нет,нет,нет,нет,нет,нет,нет,нет,нет,нет,нет,нет,нет,нет,нет,да,нет,нет,нет,нет,нет,нет,нет,нет,нет,нет,Нет,нет,нет,нет,нет,нет,да,нет,нет,нет,нет,нет
96,Облицовщик-плиточник,да,да,нет,нет,да,нет,да,нет,нет,нет,да,да,нет,нет,нет,нет,да,нет,нет,нет,нет,нет,нет,нет,да,нет,нет,да,нет,нет,нет,нет,нет,нет,нет,да,нет,нет,да,нет,Нет ,нет,нет,нет,нет,нет,да,нет,нет,нет,да,нет,нет,нет,нет,нет,нет,да,нет,нет,нет,нет,да,нет,да,нет,да,нет,нет,нет,нет,да,нет,нет,нет,нет,нет,Да,да,нет,да,да,нет,да,нет,нет,нет,да,нет
97,Овощевод,нет,да,нет ,да,да,нет,да,нет,нет,нет,нет,нет,нет,нет,нет,да,да,нет,нет,нет,нет,нет,нет,да,нет,нет,нет,да,нет,да,да,нет,да,нет,нет,нет,нет,нет,нет,да,Нет ,нет,нет,нет,нет,да,нет,нет,нет,нет,да,да,нет,нет,нет,нет,нет,да,нет,нет,нет,нет,нет,нет,да,нет,да,нет,нет,нет,нет,да,да,нет,нет,нет,нет,Нет,нет,нет,да,нет,нет,да,нет,нет,нет,нет,нет
98,Оператор автоматических и полуавтоматических станков и линий станков,да,нет,да,нет,нет,нет,нет,нет,да,нет,нет,да,нет,нет,нет,нет,нет,нет,нет,нет,да,да,нет,нет,нет,нет,нет,нет,нет,нет,нет,да,нет,нет,нет,нет,нет,нет,нет,да,нет,нет,нет,да,нет,да,да,нет,да,нет,да,да,нет,нет,нет,нет,нет,нет,нет,нет,нет,нет,да,нет,нет,нет,да,нет,нет,нет,нет,да,нет,нет,да,нет,нет,Нет,да,нет,нет,нет,нет,да,нет,нет,нет,нет,нет
99,Оператор газораспределительной станции,нет,да,нет ,нет,нет,да,да,нет,нет,нет,нет,да,нет,нет,нет,нет,нет,да,нет,нет,нет,нет,нет,нет,нет,нет,нет,нет,нет,нет,нет,нет,нет,нет,нет,нет,нет,нет,нет,нет,Нет ,нет,нет,нет,нет,нет,нет,нет,нет,нет,нет,нет,нет,нет,нет,нет,нет,нет,нет,нет,нет,нет,нет,нет,нет,нет,да,нет,нет,нет,нет,да,нет,нет,нет,нет,нет,Нет,да,нет,да,нет,нет,да,нет,нет,нет,нет,нет
100,Оператор животноводческих комплексов и механизированных ферм,нет,нет,нет,нет,да,да,да,нет,нет,нет,нет,да,нет,нет,нет,нет,нет,нет,нет,нет,да,нет,нет,нет,нет,нет,нет,нет,да,нет,да,нет,нет,нет,нет,нет,нет,нет,нет,нет,Нет ,нет,нет,нет,нет,нет,нет,нет,нет,нет,нет,да,нет,нет,нет,нет,нет,нет,нет,нет,нет,нет,нет,нет,нет,нет,да,нет,нет,нет,нет,нет,нет,нет,да,нет,нет,Нет,да,нет,нет,нет,нет,нет,нет,нет,нет,нет,да
101,Оператор линии в производстве пищевой продукции,да,нет,нет,нет,да,нет,да,нет,нет,нет,нет,да,нет,нет,нет,нет,нет,да,нет,нет,да,да,нет,нет,нет,нет,нет,нет,нет,нет,да,да,нет,нет,нет,да,нет,нет,да,да,Нет ,нет,нет,нет,нет,нет,нет,нет,нет,нет,да,нет,нет,нет,нет,нет,нет,нет,нет,нет,нет,нет,нет,нет,да,нет,да,да,нет,нет,нет,да,да,нет,нет,нет,нет,Да,да,нет,да,нет,нет,да,нет,нет,нет,нет,нет
102,Оператор металлорежущих станков с числовым программным управлением,нет,нет,нет ,нет,нет,нет,нет,нет,нет,нет,нет,да,нет,нет,нет,нет,нет,нет,нет,нет,да,нет,нет,нет,нет,нет,нет,да,нет,да,нет,нет,нет,нет,нет,нет,нет,нет,да,нет,Да ,нет,нет,нет,нет,нет,нет,нет,нет,нет,нет,да,нет,нет,нет,нет,нет,нет,нет,нет,нет,нет,нет,нет,нет,да,да,нет,нет,нет,нет,нет,нет,нет,нет,нет,нет,Нет,да,нет,нет,нет,нет,да,нет,нет,нет,нет,нет
103,Оператор механизированных и автоматизированных складов,нет,да,нет ,нет,нет,нет,да,нет,нет,нет,да,да,нет,нет,нет,нет,нет,нет,нет,нет,нет,нет,нет,нет,нет,нет,нет,нет,нет,нет,нет,нет,нет,нет,нет,да,нет,нет,да,нет,Нет ,нет,нет,нет,нет,нет,нет,нет,нет,нет,нет,нет,нет,нет,нет,нет,нет,да,нет,нет,нет,нет,да,нет,да,нет,да,нет,нет,нет,да,да,нет,нет,да,нет,нет,Нет,да,нет,да,нет,нет,да,нет,нет,нет,нет,нет
104,"Оператор по добыче нефти, газа и газового конденсата",нет,нет,нет ,нет,нет,нет,нет,нет,нет,нет,нет,нет,нет,нет,нет,нет,нет,нет,нет,нет,да,нет,нет,нет,нет,нет,нет,нет,нет,нет,нет,нет,нет,нет,нет,нет,нет,нет,да,нет,Нет ,нет,нет,нет,нет,нет,нет,нет,нет,нет,да,нет,нет,нет,нет,нет,нет,нет,нет,нет,нет,нет,нет,нет,нет,нет,нет,нет,нет,нет,нет,нет,нет,нет,нет,нет,нет,Нет,нет,нет,нет,да,нет,нет,нет,нет,нет,нет,нет
105,Оператор связи,нет,да,нет ,нет,да,да,да,нет,нет,нет,да,да,нет,нет,нет,нет,нет,нет,нет,нет,да,да,нет,нет,да,нет,нет,нет,да,да,нет,нет,нет,да,нет,да,нет,нет,да,нет,Нет ,нет,нет,нет,нет,нет,да,ДА,да,нет,нет,да,нет,нет,нет,нет,нет,нет,нет,нет,нет,нет,нет,нет,да,нет,да,нет,нет,да,да,да,нет,нет,да,нет,нет,Нет,нет,нет,да,нет,да,нет,нет,нет,нет,нет,нет
106,Оператор станков с программным управлением,да,да,да,нет,да,да,да,нет,нет,нет,да,да,нет,нет,нет,нет,да,да,нет,нет,да,да,нет,нет,да,да,да,да,нет,да,нет,да,да,нет,нет,да,нет,нет,да,да,Да ,да,да,да,нет,да,да,ДА,да,нет,да,да,нет,нет,нет,да,нет,нет,да,да,нет,нет,да,нет,да,да,да,да,да,нет,да,да,нет,нет,да,да,да,Да,да,нет,да,да,нет,да,нет,да,нет,нет,да
107,Оператор технологических установок,нет,да,нет ,нет,нет,нет,да,нет,нет,нет,нет,да,нет,нет,нет,нет,нет,нет,нет,нет,да,да,нет,нет,нет,нет,нет,нет,нет,нет,нет,да,нет,нет,нет,нет,нет,нет,да,нет,Нет ,нет,нет,нет,нет,да,нет,нет,нет,нет,да,да,нет,нет,нет,нет,нет,нет,нет,нет,нет,нет,нет,нет,нет,да,да,да,нет,нет,да,нет,нет,нет,да,нет,нет,Да,нет,нет,да,нет,нет,нет,нет,нет,нет,да,нет
108,Оператор технологического оборудования,нет,да,нет,нет,нет,нет,нет,нет,нет,нет,нет,нет,нет,нет,нет,нет,нет,нет,нет,нет,да,нет,нет,нет,нет,нет,нет,да,нет,нет,нет,нет,нет,нет,нет,да,нет,нет,да,нет,Да ,нет,нет,нет,нет,нет,нет,нет,нет,нет,нет,да,нет,нет,нет,нет,нет,нет,нет,нет,нет,нет,нет,нет,нет,нет,да,нет,нет,нет,нет,нет,нет,нет,нет,нет,нет,Нет,да,нет,нет,нет,нет,нет,нет,нет,нет,нет,нет
109,Оператор товарный,нет,да,да,нет,да,нет,нет,нет,нет,нет,нет,да,нет,нет,нет,нет,нет,нет,да,нет,да,нет,нет,нет,нет,нет,нет,да,да,нет,нет,нет,нет,нет,нет,нет,нет,нет,да,нет,Нет ,нет,нет,нет,нет,да,нет,нет,нет,нет,да,нет,нет,нет,нет,нет,нет,нет,нет,нет,нет,нет,нет,нет,нет,нет,да,да,нет,нет,нет,нет,нет,нет,нет,нет,нет,Нет,да,нет,да,нет,нет,нет,нет,нет,нет,нет,нет
110,Оператор швейного оборудования,да,да,нет,нет,да,нет,да,нет,нет,нет,нет,да,нет,нет,нет,нет,нет,нет,нет,нет,нет,нет,нет,нет,нет,нет,нет,нет,нет,нет,нет,да,нет,да,нет,да,нет,нет,да,нет,Нет ,нет,нет,нет,нет,нет,нет,нет,нет,нет,да,нет,нет,нет,нет,нет,нет,нет,нет,нет,нет,нет,нет,нет,нет,да,да,нет,да,нет,да,да,нет,нет,нет,нет,нет,Нет,да,нет,нет,нет,нет,да,нет,нет,нет,нет,нет
111,Осмотрщик-ремонтник вагонов,нет,да,да,нет,нет,да,да,нет,нет,нет,нет,да,нет,нет,нет,нет,нет,нет,нет,нет,да,нет,нет,нет,нет,нет,нет,нет,нет,нет,нет,нет,нет,нет,нет,нет,нет,нет,да,нет,Нет ,нет,нет,нет,нет,нет,нет,нет,нет,нет,нет,да,нет,нет,нет,нет,нет,нет,нет,нет,да,нет,да,нет,да,нет,да,нет,нет,нет,нет,нет,нет,нет,нет,нет,нет,Да,нет,нет,нет,нет,нет,да,нет,нет,нет,нет,нет
112,Охранник,да,да,да,да,да,да,да,нет,да,да,да,да,да,нет,нет,нет,да,да,нет,да,да,да,нет,да,да,да,нет,да,да,да,да,да,нет,да,да,да,да,да,да,нет,нет,нет,нет,нет,нет,да,да,ДА,да,нет,да,да,нет,нет,нет,нет,да,да,да,да,да,нет,да,нет,да,нет,да,да,да,да,да,да,да,нет,да,да,нет,Да,да,нет,да,да,да,да,нет,да,да,да,да
113,Педагог дополнительного образования детей и взрослых,да,да,да,да,да,да,да,нет,да,нет,да,да,да,нет,нет,да,да,да,нет,нет,да,да,нет,да,да,нет,нет,нет,да,нет,нет,нет,да,да,нет,да,нет,нет,да,нет,Да ,да,нет,нет,нет,да,да,нет,да,нет,да,да,нет,да,нет,нет,да,да,нет,да,нет,да,да,нет,да,нет,да,нет,да,да,да,нет,да,да,да,да,нет,Да,да,да,да,нет,нет,да,да,нет,да,да,да
114,Пекарь,да,да,да,да,да,да,да,нет,да,нет,да,да,да,да,нет,нет,да,да,да,нет,да,нет,нет,нет,да,нет,да,да,да,нет,нет,да,нет,да,нет,да,нет,нет,нет,нет,Да ,да,да,нет,да,да,да,нет,нет,нет,да,да,нет,нет,нет,да,да,да,да,нет,да,да,да,нет,да,да,да,нет,да,нет,да,нет,нет,нет,да,да,нет,Да,да,нет,да,да,да ,да,нет,нет,да,да,да
115,Повар,да,да,да,да,да,да,да,да,да,да,да,да,да,да,да,нет,да,да,нет,нет,да,да,нет,да,да,да,да,да,да,да,да,да,нет,да,да,да,да,да,да,нет,Да ,да,да,нет,да,да,да,нет,да,нет,да,да,нет,да,да,да,да,да,да,да,да,да,да,нет,да,да,да,да,да,да,да,да,да,нет,да,да,нет,Да,да,да,да,да,да ,да,да,да,да,да,да
116,Пожарный,да,да,да ,да,да,да,да,нет,нет,нет,да,да,да,да,нет,да,да,нет,нет,нет,да,нет,нет,нет,нет,да,нет,нет,нет,нет,нет,да,нет,нет,нет,да,нет,нет,нет,нет,Да ,да,нет,нет,да,нет,да,нет,нет,нет,нет,да,нет,нет,нет,нет,да,да,нет,нет,да,да,да,нет,да,нет,да,нет,нет,нет,да,да,нет,нет,да,нет,нет,Да,да,нет,да,нет,нет,да,нет,нет,нет,нет,нет
117,Помощник машиниста тепловоза,нет,да,нет,нет,да,да,да,нет,нет,нет,нет,нет,нет,нет,нет,нет,нет,нет,нет,нет,да,нет,нет,нет,нет,нет,нет,да,нет,нет,нет,нет,нет,нет,нет,нет,нет,нет,да,нет,Нет ,нет,нет,нет,нет,нет,нет,нет,нет,нет,нет,нет,нет,нет,нет,нет,нет,нет,нет,нет,нет,да,да,нет,нет,нет,да,нет,нет,нет,да,нет,нет,нет,нет,нет,нет,Нет,нет,нет,да,нет,нет,да,нет,нет,нет,нет,нет
118,Помощник машиниста электровоза,нет,да,нет,нет,нет,да,да,нет,нет,нет,нет,нет,нет,нет,нет,нет,нет,нет,нет,нет,да,нет,нет,нет,нет,нет,нет,нет,нет,нет,нет,нет,нет,нет,нет,нет,нет,нет,да,нет,Нет ,нет,нет,нет,нет,нет,нет,нет,нет,нет,нет,нет,нет,нет,нет,нет,нет,нет,нет,нет,нет,да,нет,нет,нет,нет,нет,нет,нет,нет,нет,нет,нет,нет,нет,нет,нет,Нет,нет,нет,нет,нет,нет  ,нет,нет,нет,нет,нет,нет
119,Помощник по уходу,да,да,нет,да,да,нет,нет,нет,да,да,нет,да,да,да,нет,да,да,да,да,нет,да,да,да,нет,да,нет,да,нет,да,да,нет,нет,да,нет,нет,да,да,да,да,да,Нет ,да,нет,нет,нет,нет,да,нет,нет,нет,да,да,нет,нет,да,да,да,да,да,нет,да,нет,да,нет,нет,да,да,нет,нет,нет,нет,да,нет,да,да,да,да,Да,да,нет,да,да,да,да,нет,нет,нет,нет,да
120,Портной,нет,нет,нет,нет,да,нет,да,нет,нет,нет,нет,да,нет,нет,нет,нет,нет,да,нет,да,нет,нет,нет,нет,да,нет,нет,нет,нет,да,нет,нет,нет,нет,нет,да,нет,нет,нет,нет,Нет ,нет,нет,нет,нет,нет,да,нет,нет,нет,да,нет,нет,нет,нет,нет,нет,да,нет,нет,нет,нет,да,нет,нет,да,да,нет,нет,нет,да,да,нет,нет,нет,нет,нет,Нет,нет,нет,да,да,нет  ,нет,нет,нет,нет,нет,нет
121,Программист,да,да,нет,да,да,да,да,нет,нет,нет,да,да,нет,да,нет,да,да,да,да,да,да,да,нет,нет,да,нет,нет,да,да,да,нет,да,нет,да,нет,нет,нет,нет,да,нет,Да ,да,нет,да,да,да,да,Да,да,нет,да,да,нет,нет,да,да,да,нет,нет,нет,нет,нет,да,нет,да,нет,да,да,да,да,да,да,да,нет,да,да,да,Да,да,нет,да,да,да,да,да,да,да,нет,да
122,Разработчик Web и мультимедийных приложений,нет,да,нет,нет,нет,нет,нет,нет,да,нет,да,да,нет,нет,нет,да,нет,нет,нет,нет,да,нет,нет,нет,нет,нет,нет,да,да,да,нет,да,да,нет,нет,да,нет,нет,нет,нет,Нет ,да,нет,нет,нет,нет,да,ДА,нет,нет,нет,нет,нет,да,нет,нет,нет,нет,нет,нет,нет,да,нет,нет,нет,нет,да,нет,нет,нет,да,да,нет,нет,да,нет,нет,Да,нет,нет,нет,да,нет  ,да,нет,нет,нет,нет,нет
123,Растениевод,нет,нет,нет,нет,нет,нет,нет,нет,нет,нет,нет,да,нет,нет,нет,да,нет,нет,нет,нет,нет,нет,нет,нет,нет,нет,нет,да,да,нет,нет,нет,нет,нет,нет,нет,нет,нет,нет,нет,Нет ,нет,нет,нет,нет,нет,нет,нет,нет,нет,нет,нет,нет,нет,нет,нет,нет,нет,нет,нет,нет,нет,нет,нет,нет,нет,нет,нет,нет,нет,нет,да,нет,да,нет,нет,нет,Нет,нет,нет,нет,нет,нет  ,да,нет,нет,нет,нет,нет
124,Регулировщик радиоэлектронной аппаратуры и приборов,нет,нет,нет,нет,нет,нет,да,нет,нет,нет,нет,да,нет,нет,нет,нет,нет,нет,нет,нет,нет,нет,нет,нет,нет,нет,нет,нет,нет,нет,нет,нет,нет,нет,нет,да,нет,нет,да,нет,Нет ,нет,нет,нет,нет,нет,да,нет,нет,нет,нет,нет,нет,нет,нет,нет,нет,нет,нет,нет,нет,нет,да,нет,нет,нет,да,нет,нет,нет,нет,нет,нет,нет,нет,нет,да,Нет,да,нет,да,нет,нет,да,нет,нет,нет,нет,нет
125,Ремонтник-наладчик механических узлов металлорежущих станков,нет,нет,нет,нет,нет,нет,нет,нет,нет,нет,нет,нет,нет,нет,нет,нет,нет,нет,нет,нет,нет,нет,нет,нет,нет,нет,нет,да,нет,да,нет,нет,нет,нет,нет,нет,нет,нет,нет,нет,Нет ,нет,нет,нет,нет,нет,нет,нет,нет,нет,нет,нет,нет,нет,нет,нет,нет,нет,нет,нет,нет,нет,нет,нет,нет,нет,да,нет,нет,нет,нет,да,нет,нет,нет,нет,нет,Нет,нет,нет,нет,нет,нет  ,да,нет,нет,нет,нет,нет
126,Рентгенолаборант,да,нет,нет,нет,да,нет,да,нет,нет,нет,нет,да,нет,нет,нет,нет,да,нет,нет,нет,да,нет,нет,да,нет,нет,нет,да,нет,нет,нет,нет,нет,да,нет,нет,нет,нет,нет,нет,Нет ,нет,нет,нет,нет,да,да,нет,нет,нет,да,да,нет,нет,нет,нет,нет,да,нет,нет,нет,нет,да,нет,да,да,да,нет,нет,нет,нет,нет,нет,нет,да,нет,нет,Нет,да,нет,да,нет,да,да,нет,нет,нет,нет,нет
127,Садовод,нет,нет,нет,нет,да,нет,да,нет,нет,нет,нет,нет,да,нет,нет,нет,нет,нет,нет,нет,да,нет,нет,да,нет,нет,нет,да,нет,нет,нет,нет,нет,нет,нет,нет,нет,нет,нет,нет,Нет ,нет,нет,нет,нет,нет,нет,нет,да,нет,нет,нет,нет,нет,нет,нет,нет,да,нет,нет,нет,нет,нет,нет,да,нет,да,нет,нет,нет,нет,нет,нет,да,да,нет,нет,Нет,нет,нет,да,нет,нет,да,да,нет,нет,нет,нет
128,Санитар,да,да,нет,да,да,да,да,нет,да,да,да,да,да,да,нет,нет,да,да,нет,нет,да,да,нет,нет,да,нет,нет,да,нет,нет,да,да,да,да,да,нет,да,нет,нет,нет,Да ,да,да,да,да,да,да,ДА,да,нет,да,да,нет,нет,да,нет,да,да,нет,нет,да,нет,да,нет,да,да,да,нет,да,нет,нет,да,да,нет,да,нет,нет,Нет,да,да,да,нет,нет,да,да,нет,да,нет,нет
129,Санитар ветеринарный,да,да,нет,нет,да,нет,да,нет,нет,нет,нет,да,нет,нет,нет,нет,да,да,нет,нет,нет,нет,нет,нет,нет,нет,нет,да,да,нет,нет,нет,нет,нет,нет,нет,нет,нет,нет,нет,Да ,нет,нет,нет,нет,нет,нет,нет,нет,нет,нет,нет,нет,нет,нет,нет,нет,нет,нет,нет,нет,нет,да,нет,да,нет,да,нет,нет,нет,нет,да,нет,нет,нет,нет,нет,Нет,да,нет,да,нет,нет,да,нет,нет,нет,нет,нет
130,Сборщик корпусов металлических судов,нет,да,да,нет,нет,нет,нет,нет,нет,нет,нет,да,да,нет,нет,нет,нет,нет,нет,нет,да,нет,нет,нет,нет,нет,нет,нет,нет,нет,нет,нет,нет,нет,нет,нет,нет,нет,да,нет,Нет ,нет,нет,нет,нет,нет,да,нет,нет,нет,нет,нет,нет,нет,нет,нет,нет,нет,нет,нет,нет,нет,да,нет,нет,нет,нет,нет,нет,нет,нет,нет,нет,нет,нет,нет,нет,Нет,нет,нет,да,нет,нет,нет,нет,нет,нет,нет,нет
131,Сварщик газовой сварки,да,да,нет,нет,да,да,нет,да,да,да,да,да,нет,нет,нет,нет,да,да,нет,нет,да,нет,нет,нет,да,нет,да,да,да,нет,нет,нет,нет,нет,нет,да,да,нет,да,нет,Да ,нет,да,нет,нет,нет,да,нет,нет,нет,нет,да,нет,да,нет,нет,нет,нет,нет,нет,да,нет,да,нет,нет,да,да,нет,нет,нет,нет,да,нет,нет,нет,да,нет,Да,да,нет,да,да,нет,да,нет,да,да,нет,да
132,Сварщик на машинах контактной (прессовой) сварки,нет,да,нет,нет,да,нет,да,нет,нет,нет,нет,да,нет,нет,нет,нет,нет,нет,нет,нет,нет,нет,нет,нет,нет,нет,нет,да,нет,нет,нет,нет,нет,нет,нет,да,нет,нет,да,нет,Нет ,нет,нет,да,нет,нет,да,нет,нет,нет,нет,нет,нет,нет,нет,нет,нет,нет,нет,нет,нет,нет,да,нет,нет,нет,да,да,нет,нет,нет,да,нет,нет,нет,нет,нет,Нет,нет,нет,да,нет,нет,нет,нет,нет,нет,нет,нет
133,Сварщик ручной дуговой сварки неплавящимся электродом в защитном газе,да,да,нет,нет,да,да,нет,да,нет,нет,нет,нет,нет,нет,нет,нет,нет,нет,нет,нет,нет,нет,нет,нет,да,нет,нет,да,нет,да,нет,нет,нет,нет,нет,да,нет,нет,да,нет,Нет ,нет,нет,нет,нет,да,да,нет,нет,нет,нет,нет,нет,да,нет,да ,нет,нет,нет,нет,нет,нет,нет,да,нет,да,да,нет,нет,да,нет,да,нет,нет,нет,нет,да,Да,нет,нет,да,да,нет  ,да,нет,нет,нет,нет,да
134,Сварщик ручной дуговой сварки плавящимся покрытым электродом,да,да,нет,нет,да,да,нет,да,да,да,да,нет,нет,нет,да,нет,нет,да,да,нет,нет,нет,да,нет,нет,да,нет,да,да,да,нет,да,нет,нет,нет,да,да,нет,да,нет,Нет ,да,нет,нет,нет,да,да,нет,нет,нет,нет,да,нет,нет,нет,да,нет,нет,нет,нет,да,да,нет,да,нет,да,да,нет,да,да,да,да,нет,нет,нет,да,нет,Да,нет,нет,да,нет,нет,да,нет,нет,да,нет,да
135,"Сварщик-оператор полностью механизированной, автоматической и роботизированной сварки",нет,нет,нет,нет,да,нет,нет,нет,нет,да,нет,нет,нет,нет,нет,нет,нет,нет,нет,нет,нет,нет,нет,нет,нет,нет,нет,да,нет,да,нет,да,нет,нет,нет,да,нет,нет,да,нет,Нет ,нет,нет,нет,нет,нет,да,нет,нет,нет,нет,нет,нет,нет,нет,нет,нет,нет,нет,нет,нет,нет,нет,нет,да,нет,да,нет,нет,да,нет,да,нет,нет,нет,нет,нет,Нет,нет,нет,да,да,нет,да,нет,нет,нет,нет,нет
136,Системный аналитик,нет,да,нет,нет,да,да,нет,нет,нет,нет,да,да,нет,нет,нет,нет,нет,нет,нет,нет,да,нет,нет,нет,да,нет,нет,нет,да,нет,нет,да,нет,нет,нет,нет,нет,нет,нет,нет,Да ,нет,нет,нет,нет,нет,да,нет,нет,нет,нет,нет,нет,нет,нет,нет,нет,нет,нет,нет,нет,нет,да,нет,нет,нет,да,нет,нет,нет,нет,нет,нет,нет,да,да,да,Нет,да,нет,да,да,нет,да,нет,нет,нет,нет,нет
137,Скрутчик изделий кабельного производства,нет,да,нет,нет,нет,нет,да,нет,нет,нет,нет,нет,нет,нет,нет,нет,да,нет,нет,нет,нет,нет,нет,нет,нет,нет,нет,нет,нет,нет,нет,нет,нет,нет,нет,нет,нет,нет,нет,нет,нет,нет,нет,нет,нет,да,нет,нет,нет,нет,нет,нет,нет,нет,нет,нет,нет,нет,нет,да,нет,нет,нет,нет,нет,нет,да,нет,нет,нет,нет,нет,нет,нет,нет,нет,нет,Нет,нет,нет,нет,нет,нет,нет,нет,нет,нет,нет,нет
138,Слесарь аварийно-восстановительных работ,да,да,да,да,да,да,да,да,нет,нет,нет,да,нет,нет,нет,нет,да,да,нет,да,да,да,нет,нет,да,нет,да,да,нет,нет,да,да,нет,да,нет,да,нет,нет,да,да,Да ,нет,нет,нет,нет,да,да,нет,да,нет,да,да,нет,нет,нет,нет,да,нет,нет,да,нет,нет,да,нет,да,нет,да,да,да,нет,да,нет,да,нет,да,да,нет,Да,да,нет,да,да,да,да,нет,нет,да,да,нет
139,Слесарь домовых санитарно-технических систем и оборудования,нет,да,нет,нет,нет,нет,нет,нет,нет,нет,нет,да,нет,нет,нет,нет,нет,да,нет,нет,да,нет,нет,нет,нет,нет,нет,да,нет,да,нет,да,нет,нет,нет,да,нет,нет,да,нет,Нет ,нет,нет,нет,нет,нет,нет,нет,нет,нет,нет,нет,нет,нет,нет,нет,нет,нет,нет,нет,нет,нет,нет,нет,нет,нет,да,нет,нет,нет,нет,нет,нет,нет,нет,нет,нет,Нет,нет,нет,нет,нет,нет,да,нет,нет,да,нет,нет
140,Слесарь механосборочных работ,да,да,да,нет,да,да,да,да,нет,нет,нет,да,нет,нет,нет,нет,да,нет,нет,нет,да,да,нет,нет,нет,да,нет,да,нет,да,нет,да,нет,нет,нет,да,нет,нет,да,нет,Да ,нет,да,да,нет,да,да,нет,да,нет,да,да,нет,нет,нет,нет,нет,нет,нет,нет,нет,нет,да,нет,да,нет,да,да,да,нет,да,да,да,нет,да,да,нет,Нет,да,да,да,нет,нет,да,нет,нет,нет,нет,да
141,Слесарь по контрольно-измерительным приборам и автоматике,да,да,да,нет,да,да,да,нет,нет,нет,нет,да,нет,да,нет,нет,да,нет,нет,нет,да,да,нет,нет,да,нет,нет,да,да,да,да,да,нет,нет,нет,да,нет,нет,да,нет,Да ,нет,нет,нет,нет,нет,да,нет,да,нет,да,да,нет,нет,нет,нет,да,да,нет,нет,да,нет,да,нет,да,да,да,да,нет,да,да,да,да,нет,да,да,да,Да,да,нет,да,да,нет,да,нет,нет,да,да,нет
142,Слесарь по обслуживанию и ремонту оборудования,нет,да,нет,нет,да,да,нет,да,нет,нет,нет,да,нет,нет,нет,нет,нет,нет,нет,нет,да,нет,нет,нет,да,нет,да,да,нет,да,нет,нет,нет,нет,нет,да,нет,нет,да,нет,Да ,нет,да,нет,нет,да,да,нет,нет,нет,да,да,нет,нет,нет,нет,нет,да,нет,нет,да,нет,нет,нет,нет,да,да,нет,нет,нет,нет,нет,да,нет,нет,нет,нет,Нет,да,нет,да,да,нет,да,нет,да,да,нет,нет
143,Слесарь по ремонту автомобилей,да,да,да,да,да,да,да,нет,да,нет,да,да,нет,да,нет,нет,да,нет,нет,нет,да,нет,нет,нет,да,нет,да,нет,нет,да,нет,да,нет,да,нет,да,да,нет,да,нет,Да ,нет,да,нет,нет,да,да,ДА,да,нет,да,да,нет,нет,нет,нет,да,да,нет,нет,нет,нет,да,нет,да,нет,да,да,да,да,да,да,да,нет,да,нет,нет,Да,да,нет,да,нет,да,да,нет,нет,да,нет,да
144,Слесарь по ремонту и обслуживанию систем вентиляции и кондиционирования,да,да,нет,нет,да,да,да,нет,нет,нет,да,да,нет,нет,нет,нет,нет,нет,нет,нет,да,нет,нет,нет,нет,нет,нет,да,нет,да,нет,да,нет,нет,нет,да,нет,нет,да,нет,Да ,нет,нет,нет,нет,нет,да,нет,нет,нет,да,да,нет,нет,нет,нет,нет,нет,нет,нет,нет,нет,нет,нет,нет,да,да,нет,нет,нет,нет,да,нет,нет,нет,да,нет,Нет,да,нет,да,нет,нет,да,нет,нет,нет,нет,нет
145,Слесарь по ремонту подвижного состава,да,да,нет,нет,да,нет,да,нет,нет,нет,да,да,нет,нет,нет,нет,нет,нет,нет,нет,да,да,нет,нет,нет,нет,нет,да,нет,нет,нет,нет,нет,нет,нет,нет,нет,нет,да,нет,Да ,нет,нет,нет,нет,нет,да,нет,нет,нет,да,да,нет,нет,нет,нет,нет,нет,нет,нет,нет,да,да,нет,да,нет,да,да,нет,нет,нет,да,нет,нет,да,нет,нет,Нет,да,нет,да,нет,нет  ,да,нет,нет,нет,нет,нет
146,Слесарь по ремонту сельскохозяйственных машин и оборудования,да,да,нет,нет,да,да,да,нет,нет,нет,нет,да,нет,нет,нет,нет,нет,нет,нет,нет,да,нет,нет,нет,нет,нет,нет,да,да,да,нет,нет,нет,нет,нет,да,нет,нет,да,нет,Да ,нет,нет,нет,нет,нет,да,нет,нет,нет,да,нет,нет,нет,нет,нет,нет,нет,нет,нет,нет,нет,нет,нет,нет,да,да,нет,нет,нет,нет,да,да,нет,нет,нет,нет,Нет,да,нет,да,нет,нет,нет,нет,нет,нет,нет,нет
147,Слесарь по ремонту технологических установок,да,да,нет,нет,нет,нет,да,нет,нет,нет,нет,да,нет,нет,нет,нет,да,нет,нет,нет,да,нет,нет,да,нет,нет,нет,да,нет,нет,нет,нет,нет,нет,нет,да,нет,нет,да,нет,Нет ,нет,нет,нет,нет,да,да,нет,нет,нет,да,да,нет,нет,нет,нет,нет,нет,нет,нет,нет,нет,да,нет,да,нет,да,да,нет,нет,нет,да,нет,нет,да,нет,нет,Нет,нет,нет,да,нет,нет,да,нет,нет,нет,нет,нет
148,Слесарь по эксплуатации и ремонту газового оборудования,нет,да,нет,нет,да,да,да,нет,да,да,да,да,да,да,нет,нет,да,да,нет,да,да,да,нет,нет,нет,нет,да,да,нет,да,да,нет,нет,нет,нет,да,нет,нет,да,нет,Нет ,нет,нет,нет,нет,нет,нет,нет,да,нет,да,да,нет,нет,нет,да,нет,нет,нет,нет,да,нет,да,нет,нет,нет,да,нет,да,нет,да,да,нет,нет,да,нет,нет,Нет,да,нет,да,да,да,да,да,нет,нет,нет,нет
149,Слесарь-инструментальщик,да,нет,да,нет,да,да,да,нет,нет,нет,нет,да,нет,нет,нет,нет,да,нет,нет,нет,да,да,нет,нет,нет,нет,нет,нет,нет,да,нет,да,нет,нет,нет,да,нет,нет,да,нет,Да ,нет,нет,нет,нет,да,да,нет,нет,нет,да,да,нет,нет,нет,нет,нет,нет,нет,нет,нет,нет,да,нет,нет,нет,да,нет,нет,нет,нет,да,нет,нет,да,нет,нет,Нет,да,нет,да,нет,нет,да,нет,нет,нет,нет,нет
150,Слесарь-монтажник судовой,нет,нет,да,нет,нет,нет,нет,нет,нет,нет,нет,да,да,нет,нет,нет,нет,нет,нет,нет,нет,нет,нет,нет,нет,нет,нет,нет,нет,нет,нет,нет,нет,нет,нет,нет,нет,нет,да,нет,нет,нет,нет,нет,нет,нет,да,нет,нет,нет,нет,нет,нет,нет,нет,нет,нет,нет,нет,нет,нет,нет,нет,нет,нет,нет,да,нет,нет,нет,нет,нет,нет,нет,нет,нет,нет,Нет,нет,нет,да,нет,нет,нет,нет,нет,нет,нет,нет
151,Слесарь-ремонтник промышленного оборудования,нет,да,да,нет,нет,да,нет,нет,нет,нет,нет,да,нет,нет,нет,нет,да,да,нет,нет,да,нет,нет,нет,нет,нет,нет,да,да,да,нет,да,нет,нет,нет,да,нет,нет,да,нет,Да ,нет,нет,да,нет,нет,нет,нет,нет,нет,да,нет,нет,нет,нет,нет,нет,нет,нет,нет,нет,нет,да,нет,нет,да,да,нет,нет,нет,да,да,нет,нет,нет,нет,нет,Нет,да,нет,да,нет,нет,да,нет,нет,да,нет,нет
152,Слесарь-сборщик,нет,да,нет,нет,да,да,да,нет,нет,да,нет,да,нет,нет,нет,нет,нет,нет,нет,нет,нет,нет,нет,нет,нет,нет,нет,да,нет,да,нет,да,нет,нет,нет,нет,нет,нет,да,нет,нет,нет,нет,нет,нет,да,да,нет,нет,нет,да,да,нет,нет,нет,нет,нет,нет,нет,нет,нет,нет,да,нет,нет,да,да,нет,нет,нет,нет,да,нет,нет,нет,нет,нет,Нет,да,нет,да,нет,нет  ,да,нет,нет,нет,нет,нет
153,Слесарь-сборщик летательных аппаратов,нет,нет,нет,нет,нет,нет,нет,нет,нет,нет,да,да,нет,нет,нет,нет,нет,нет,нет,нет,нет,нет,нет,нет,нет,нет,нет,нет,нет,нет,нет,нет,нет,нет,нет,да,нет,нет,да,нет,Да ,нет,нет,нет,нет,нет,да,нет,нет,нет,нет,да,нет,нет,нет,нет,нет,нет,нет,нет,нет,нет,да,нет,нет,нет,да,нет,нет,нет,нет,да,нет,нет,нет,нет,нет,Нет,нет,нет,да,нет,нет,нет,нет,нет,нет,нет,нет
154,Слесарь-сборщик металлоконструкций,нет,нет,нет,нет,нет,нет,нет,нет,нет,нет,нет,нет,нет,нет,нет,нет,нет,нет,нет,нет,нет,нет,нет,нет,нет,нет,нет,да,нет,да,нет,нет,нет,нет,нет,нет,нет,нет,да,нет,нет,нет,нет,нет,нет,нет,нет,нет,нет,нет,нет,нет,нет,нет,нет,нет,нет,нет,нет,нет,нет,нет,нет,нет,да,нет,да,нет,нет,нет,нет,да,нет,нет,нет,нет,нет,Нет,нет,нет,нет,нет,нет,да,нет,нет,нет,нет,нет
155,Слесарь-сборщик радиоэлектронной аппаратуры и приборов,нет,нет,нет,нет,нет,да,да,нет,нет,нет,нет,да,нет,нет,нет,нет,нет,нет,нет,нет,нет,нет,нет,нет,нет,нет,нет,нет,нет,нет,нет,нет,нет,нет,нет,да,нет,нет,да,да,Нет ,нет,нет,нет,нет,нет,нет,нет,нет,нет,нет,нет,нет,нет,нет,нет,нет,нет,нет,нет,нет,нет,нет,нет,нет,нет,да,нет,нет,нет,нет,да,нет,нет,нет,нет,нет,Нет,да,нет,нет,нет,нет,да,нет,нет,нет,нет,нет
156,Слесарь-электрик,да,да,да,да,да,да,да,нет,нет,нет,нет,да,нет,да,нет,нет,да,нет,нет,нет,да,да,нет,нет,да,нет,нет,да,да,да,нет,да,нет,да,нет,да,нет,нет,да,нет,Да ,нет,нет,да,нет,нет,да,нет,да,нет,да,да,нет,нет,нет,нет,да,нет,нет,нет,да,нет,да,нет,да,да,да,нет,да,нет,да,нет,нет,нет,да,нет,нет,Да,да,нет,да,нет,да,да,нет,нет,да,да,нет
157,Слесарь-электромонтажник,нет,да,нет,нет,да,нет,да,нет,нет,да,нет,да,нет,нет,нет,нет,нет,нет,нет,нет,да,нет,нет,нет,нет,нет,нет,да,нет,да,нет,нет,нет,нет,нет,нет,нет,нет,да,нет,Нет ,нет,нет,да,нет,да,да,нет,нет,нет,да,да,нет,нет,нет,нет,нет,нет,нет,нет,нет,нет,да,нет,да,нет,да,нет,нет,нет,нет,да,нет,нет,да,нет,нет,Нет,да,нет,да,да,нет,нет,нет,нет,нет,нет,нет
158,Составитель поездов,нет,да,нет,нет,нет,нет,да,нет,нет,нет,нет,да,нет,нет,нет,нет,нет,нет,нет,нет,да,нет,нет,нет,нет,нет,нет,да,нет,нет,нет,нет,нет,нет,нет,нет,нет,нет,да,нет,Нет ,нет,нет,нет,нет,нет,да,нет,нет,нет,да,да,нет,нет,нет,нет,нет,нет,нет,нет,да,нет,да,нет,да,нет,нет,нет,нет,нет,да,да,нет,нет,нет,нет,нет,Нет,да,нет,да,нет,нет,да,нет,нет,нет,нет,нет
159,Специалист в области охраны труда,да ,да,нет,нет,да,да,нет,да,нет,да,да,да,нет,нет,нет,нет,да,нет,нет,да,да,нет,нет,нет,нет,нет,нет,да,да,да,нет,да,нет,нет,да,да,нет,нет,нет,нет,Да ,да,да,нет,нет,нет,да,ДА,нет,да,нет,да,да,нет,нет,да,да,нет,да,нет,нет,да,да,нет,нет,да,да,нет,да,да,да,нет,да,да,да,да,нет,нет,да,нет,нет,да,да,да,нет,нет,нет,нет,да
160,Специалист по безопасности в информационных системах,да ,да,нет,нет,нет,да,нет,нет,нет,да,да,да,нет,нет,да,да,нет,да,нет,нет,да,нет,да,нет,нет,нет,нет,да,да,да,нет,нет,нет,нет,нет,нет,нет,нет,нет,нет,нет,да,нет,нет,нет,нет,да,нет,нет,нет,нет,да,нет,нет,нет,да,нет,нет,да,нет,нет,нет,нет,нет,нет,да,да,нет,нет,нет,нет,нет,нет,да,нет,нет,да,Нет,да,нет,нет,да,нет,да,да,нет,да,нет,нет
161,Специалист по большим данным,да ,да,нет,нет,нет,нет,нет,нет,нет,да,да,да,нет,нет,нет,нет,нет,нет,нет,нет,да,нет,нет,нет,нет,нет,нет,да,нет,да,нет,нет,нет,нет,нет,да,нет,нет,нет,нет,Нет ,нет,нет,нет,нет,нет,да,нет,нет,нет,нет,нет,нет,нет,нет,нет,нет,нет,нет,нет,нет,нет,нет,нет,нет,нет,да,нет,нет,нет,да,да,нет,нет,да,нет,нет,Нет,нет,нет,нет,да,нет  ,да,нет,нет,нет,нет,нет
162,Специалист по дизайну графических и пользовательских интерфейсов,нет,да,нет,нет,нет,да,нет,нет,нет,да,да,да,нет,нет,нет,нет,нет,да,нет,нет,нет,да,нет,нет,да,нет,нет,да,да,да,нет,нет,нет,нет,нет,нет,нет,нет,нет,нет,Нет ,да,нет,нет,нет,нет,да,нет,нет,нет,нет,да,нет,нет,нет,нет,нет,нет,нет,нет,нет,нет,нет,нет,нет,нет,да,нет,нет,нет,нет,нет,нет,нет,нет,нет,да,Да,нет,нет,нет,да,нет,да,нет,нет,нет,нет,да
163,Специалист по закупкам,да,да,нет,да,да,да,нет,да,да,да,да,да,нет,да,да,нет,да,нет,нет,да,да,да,нет,нет,да,нет,нет,да,да,да,нет,да,нет,да,да,да,нет,да,да,нет,Да ,да,нет,нет,нет,нет,да,нет,да,да,да,да,да,нет,нет,да,да,нет,да,нет,нет,да,да,нет,да,да,да,нет,да,да,да,да,да,да,да,да,нет,Да,да,да,да,да,да,да,нет,нет,нет,нет,да
164,Специалист по защите информации в телекоммуникационных сетях,да ,да,нет,нет,нет,нет,нет,нет,нет,нет,да,да,нет,да,нет,нет,нет,нет,нет,нет,да,нет,нет,нет,нет,нет,нет,да,нет,да,нет,да,нет,нет,да,да,нет,нет,нет,нет,нет,да,нет,нет,нет,нет,да,нет,нет,да,нет,да,нет,нет,нет,нет,нет,нет,нет,нет,нет,нет,нет,нет,да,нет,да,нет,нет,нет,да,да,нет,нет,да,нет,нет,Да,нет,да,нет,да,нет,да,нет,нет,нет,нет,нет
165,Специалист по информационным системам,нет,да,нет,нет,нет,да,нет,нет,да,нет,да,нет,нет,да,нет,да,нет,нет,нет,нет,да,нет,нет,нет,да,нет,нет,да,да,да,нет,нет,нет,нет,нет,нет,нет,нет,да,нет,Нет ,нет,нет,нет,нет,нет,да,нет,нет,нет,нет,да,нет,нет,да,да,нет,нет,да,нет,нет,нет,да,нет,нет,нет,да,нет,да,нет,нет,да,нет,да,нет,нет,нет,Да,да,нет,нет,да,да,да,нет,нет,нет,нет,нет
166,Специалист по качеству продукции,нет,нет,нет,нет,нет,нет,нет,нет,нет,нет,нет,да,нет,нет,нет,нет,нет,да,нет,нет,да,нет,нет,нет,нет,нет,нет,да,да,нет,нет,нет,нет,нет,нет,нет,нет,нет,нет,нет,Да ,нет,нет,нет,нет,нет,нет,нет,нет,нет,нет,нет,нет,нет,нет,нет,нет,нет,нет,нет,нет,да,нет,нет,нет,нет,да,нет,да,нет,нет,нет,нет,да,нет,нет,нет,Нет,да,нет,да,нет,нет,да,нет,нет,нет,нет,нет
167,Специалист по логистике на транспорте,да,да,нет,нет,нет,нет,нет,нет,нет,нет,да,да,нет,нет,нет,нет,нет,нет,нет,нет,да,нет,нет,нет,да,нет,нет,да,да,нет,нет,нет,нет,нет,нет,да,нет,нет,нет,нет,Да ,нет,нет,нет,нет,нет,да,нет,нет,нет,нет,нет,нет,нет,нет,да,нет,нет,нет,нет,нет,нет,да,нет,нет,нет,да,нет,да,нет,да,да,нет,нет,да,нет,нет,Да,нет,нет,да,нет,нет,да,нет,нет,нет,нет,нет
168,Специалист по медицинскому массажу,нет,да,нет,нет,нет,да,нет,нет,нет,нет,да,да,нет,нет,нет,нет,нет,да,да,нет,да,да,нет,нет,да,нет,нет,да,да,нет,нет,нет,нет,нет,нет,да,нет,нет,нет,нет,Нет ,нет,нет,нет,нет,нет,нет,нет,нет,нет,нет,да,нет,нет,да,нет,нет,да,нет,нет,нет,нет,нет,нет,нет,нет,да,нет,нет,да,нет,нет,нет,нет,нет,нет,нет,Да,да,нет,да,да,нет,да,нет,нет,нет,нет,да
169,Специалист по метрологии (метролог),да,да,нет,нет,нет,да ,нет,нет,нет,нет,нет,да,нет,нет,нет,нет,нет,нет,нет,нет,да,нет,нет,нет,нет,нет,нет,да,нет,да,нет,да,нет,нет,нет,нет,нет,нет,нет,нет,Нет ,нет,нет,нет,нет,нет,нет,нет,нет,нет,нет,нет,нет,нет,нет,да,нет,нет,нет,нет,нет,нет,нет,нет,нет,нет,да,нет,нет,нет,нет,нет,да,нет,нет,нет,да,Нет,нет,да,да,да,нет,да,нет,нет,да,нет,нет
170,Специалист по монтажу телекоммуникационного оборудования,нет,да,нет,нет,нет,нет,нет,нет,нет,нет,нет,да,нет,нет,нет,нет,нет,нет,нет,нет,нет,нет,нет,нет,нет,нет,нет,да,нет,нет,нет,нет,нет,нет,нет,нет,нет,нет,нет,нет,Нет ,нет,нет,нет,нет,нет,нет,нет,нет,нет,нет,нет,нет,нет,нет,нет,нет,нет,нет,нет,нет,нет,нет,нет,нет,нет,да,нет,нет,нет,нет,нет,нет,нет,нет,нет,нет,Нет,нет,нет,нет,нет,нет,да,нет,нет,нет,нет,нет
171,Специалист по организации строительства,нет,да,нет,нет,нет,нет,нет,нет,нет,нет,да,да,нет,нет,нет,нет,нет,нет,нет,нет,да,нет,нет,нет,нет,нет,нет,да,нет,нет,нет,да,нет,нет,нет,да,нет,нет,нет,нет,Нет ,нет,нет,нет,нет,нет,да,нет,нет,нет,нет,нет,нет,нет,нет,нет,нет,да,нет,нет,нет,нет,нет,нет,нет,нет,да,нет,нет,нет,да,да,нет,нет,да,нет,нет,Да,да,нет,нет,нет,нет,да,нет,нет,нет,нет,нет
173,Специалист по сметному ценообразованию,да ,да,нет,нет,нет,нет,нет,нет,нет,да,да,нет,нет,нет,нет,нет,нет,нет,нет,нет,да,нет,нет,нет,да,нет,нет,нет,да,нет,нет,нет,нет,нет,нет,да,нет,нет,нет,нет,нет,да,нет,нет,нет,нет,да,нет,нет,нет,нет,нет,нет,нет,нет,да,нет,да,нет,нет,нет,да,нет,нет,нет,нет,да,нет,нет,нет,да,да,нет,нет,да,нет,нет,Да,нет,нет,да,да,нет,да,нет,нет,нет,нет,нет
174,Специалист по тендерам,да ,да,нет,нет,нет,нет,нет,нет,да,нет,да,да,нет,нет,нет,нет,нет,нет,нет,нет,нет,нет,нет,нет,нет,нет,нет,да,нет,нет,нет,нет,нет,нет,нет,да,нет,нет,нет,нет,Нет ,нет,нет,нет,нет,нет,нет,нет,нет,нет,нет,нет,нет,нет,нет,да,нет,нет,нет,нет,нет,нет,да,нет,нет,нет,да,нет,нет,нет,да,да,нет,нет,да,нет,нет,Да,нет,нет,нет,нет,нет,да,нет,нет,да,нет,нет
175,Специалист по тестированию в области информационных технологий,нет,да,нет,нет,нет,нет,нет,нет,нет,нет,да,да,нет,нет,нет,нет,нет,нет,нет,нет,нет,нет,нет,нет,нет,нет,нет,нет,нет,нет,нет,нет,нет,нет,нет,да,нет,нет,нет,нет,Нет ,нет,нет,нет,нет,нет,да,нет,нет,нет,нет,нет,нет,нет,нет,нет,нет,нет,нет,нет,нет,нет,да,нет,нет,нет,да,нет,нет,нет,да,да,нет,нет,да,нет,нет,Нет,да,нет,нет,нет,нет,да,нет,нет,нет,нет,да
176,Специалист по технической поддержке клиентов оператора связи,да ,да,нет,нет,нет,нет,нет,нет,нет,нет,да,да,нет,нет,нет,нет,нет,нет,нет,нет,да,нет,нет,нет,нет,нет,нет,нет,нет,нет,нет,нет,нет,нет,нет,да,нет,нет,нет,нет,Нет ,нет,нет,нет,нет,нет,да,нет,нет,нет,нет,нет,нет,нет,нет,нет,нет,нет,нет,нет,нет,нет,нет,нет,нет,нет,да,нет,нет,нет,да,да,нет,нет,да,нет,нет,Нет,нет,нет,нет,нет,нет,нет,нет,нет,нет,нет,нет
177,Специалист по управлению мобильной робототехникой,нет,нет,нет,нет,нет,нет,нет,нет,нет,нет,да,да,нет,нет,нет,нет,нет,нет,нет,нет,да,нет,нет,нет,нет,нет,нет,да,нет,нет,нет,нет,нет,нет,нет,нет,нет,нет,нет,нет,Нет ,нет,нет,нет,нет,нет,нет,нет,нет,нет,нет,нет,нет,нет,нет,нет,нет,нет,нет,нет,нет,нет,нет,нет,нет,нет,да,нет,нет,нет,нет,нет,нет,нет,нет,нет,нет,Нет,нет,нет,нет,нет,нет,да,нет,нет,нет,нет,нет
178,Специалист по экологической безопасности (в промышленности),нет,да,нет,нет,нет,нет,нет,нет,нет,нет,да,да,нет,нет,нет,нет,нет,да,нет,да,да,нет,нет,нет,да,нет,нет,да,да,да,нет,да,нет,нет,нет,нет,нет,нет,да,нет,Нет ,нет,нет,нет,нет,нет,да,нет,нет,нет,нет,нет,нет,нет,нет,да,нет,нет,нет,нет,нет,да,нет,нет,нет,нет,да,нет,нет,нет,нет,да,нет,нет,нет,нет,да,Нет,нет,нет,нет,да,нет,да,нет,нет,нет,нет,нет
180,Станочник деревообрабатывающих станков,да ,да,да,нет,нет,да,да,нет,нет,нет,нет,нет,нет,нет,нет,нет,нет,нет,нет,нет,нет,нет,нет,нет,нет,нет,да,да,да,нет,нет,да,нет,нет,нет,нет,нет,нет,да,нет,Да ,нет,нет,нет,нет,да,да,нет,нет,нет,да,да,нет,нет,нет,нет,нет,нет,нет,нет,нет,нет,нет,нет,да,нет,да,нет,нет,нет,нет,да,нет,нет,да,нет,нет,Нет,да,нет,да,нет,нет,да,нет,нет,нет,нет,нет
181,Станочник широкого профиля,да ,да,нет,нет,да,да,да,да,нет,нет,нет,да,нет,нет,нет,нет,нет,нет,нет,нет,да,нет,нет,нет,да,нет,да,да,нет,да,нет,да,нет,нет,нет,нет,нет,нет,да,да,нет,нет,нет,нет,нет,нет,да,нет,нет,нет,нет,да,нет,нет,нет,нет,нет,нет,нет,нет,нет,нет,да,нет,нет,нет,да,нет,нет,нет,нет,да,нет,нет,нет,да,да,Нет,да,нет,да,нет,нет,да,нет,нет,нет,нет,нет
182,Столяр,да ,нет,нет,нет,да,да,да,нет,нет,нет,нет,да,нет,нет,нет,нет,да,да,нет,нет,да,нет,нет,нет,да,нет,нет,да,нет,нет,нет,да,нет,нет,нет,да,нет,нет,нет,нет,Да ,нет,нет,нет,нет,да,да,нет,нет,нет,да,да,нет,нет,нет,нет,нет,нет,нет,нет,нет,нет,да,нет,да,нет,да,нет,нет,нет,да,да,нет,нет,нет,нет,нет,Нет,да,нет,да,нет,нет,да,нет,нет,нет,нет,нет
183,Стропальщик,да ,да,да,да,да,да,да,нет,нет,нет,да,да,нет,да,нет,нет,нет,нет,да,нет,да,да,нет,нет,да,нет,нет,да,да,да,нет,да,да,нет,да,да,нет,нет,да,да,нет,нет,да,нет,нет,да,да,ДА,нет,нет,да,да,нет,нет,нет,нет,нет,да,нет,да,да,нет,да,да,да,да,да,нет,нет,да,да,да,нет,нет,да,нет,да,Да,да,нет,да,да,нет,да,нет,нет,да,нет,нет
184,Техник (механик) по техническому обслуживанию беспилотной авиационной системы,нет,да,нет,нет,да,нет,нет,нет,нет,нет,да,да,нет,нет,нет,да,нет,нет,нет,нет,да,нет,нет,нет,нет,нет,нет,нет,нет,нет,нет,нет,да,нет,нет,да,нет,нет,нет,нет,Нет ,нет,нет,нет,нет,нет,нет,нет,нет,нет,нет,нет,нет,нет,нет,да,нет,нет,нет,нет,нет,нет,нет,нет,да,нет,да,нет,нет,нет,нет,нет,нет,нет,нет,нет,нет,Нет,нет,нет,нет,нет,нет,нет,нет,нет,нет,нет,нет
185,Техник по наладке и испытаниям,нет,да,нет,нет,нет,да,да,нет,нет,нет,нет,да,нет,нет,да,нет,нет,нет,нет,нет,да,нет,нет,нет,нет,да,нет,нет,нет,нет,да,да,нет,нет,нет,да,нет,нет,нет,нет,Да ,нет,нет,нет,нет,нет,да,нет,нет,нет,да,да,нет,нет,нет,нет,нет,нет,нет,нет,нет,нет,да,нет,нет,нет,да,нет,нет,нет,нет,да,нет,нет,да,нет,нет,Нет,нет,нет,да,да,нет,нет,нет,нет,нет,нет,нет
186,Технолог пищевой промышленности,нет,да,нет,нет,нет,нет,нет,нет,да,нет,нет,да,нет,нет,нет,нет,нет,нет,нет,нет,да,нет,нет,нет,нет,нет,нет,да,нет,нет,нет,да,нет,нет,нет,да,нет,нет,да,нет,Нет ,нет,да,нет,нет,нет,нет,нет,нет,нет,нет,нет,нет,нет,нет,да,нет,нет,нет,нет,нет,да,нет,нет,нет,да,да,нет,нет,нет,нет,да,нет,да,нет,нет,нет,Нет,нет,нет,да,да,нет,да,нет,нет,нет,нет,нет
187,Токарь,да ,да,да,нет,да,да,да,да,нет,нет,да,да,нет,нет,нет,нет,да,да,нет,нет,да,да,да,нет,да,да,нет,да,да,да,да,да,нет,да,нет,да,нет,нет,да,нет,Да ,да,да,да,да,да,да,ДА,да,нет,да,да,нет,нет,нет,нет,да,нет,нет,нет,нет,нет,да,да,да,да,да,да,да,нет,да,да,нет,нет,да,да,нет,Да,да,да,да,да,нет,да,нет,да,да,нет,нет
188,Токарь-карусельщик,нет,нет,нет,нет,нет,нет,да,нет,нет,нет,нет,да,нет,нет,нет,нет,нет,нет,нет,нет,нет,нет,нет,нет,нет,нет,нет,да,нет,да,нет,нет,нет,нет,нет,да,нет,нет,нет,нет,Нет ,нет,нет,нет,нет,нет,нет,нет,нет,нет,нет,нет,нет,нет,нет,нет,нет,нет,нет,нет,нет,нет,да,нет,нет,нет,нет,нет,нет,нет,нет,да,нет,нет,да,нет,нет,Нет,да,нет,нет,нет,нет,да,нет,нет,нет,нет,нет
189,Токарь-расточник,нет,нет,да,нет,нет,нет,да,нет,нет,нет,нет,да,нет,нет,нет,нет,нет,нет,нет,нет,нет,нет,нет,нет,нет,нет,нет,нет,нет,да,нет,нет,нет,нет,нет,да,нет,нет,нет,нет,Нет ,нет,нет,нет,нет,нет,нет,нет,нет,нет,да,да,нет,нет,нет,нет,нет,нет,нет,нет,нет,нет,да,нет,нет,да,да,нет,нет,нет,нет,нет,нет,нет,да,нет,нет,Нет,да,нет,да,нет,нет,да,нет,нет,нет,нет,нет
190,Тракторист,да,да,да,нет,да,да,да,да,да,да,да,да,нет,нет,нет,нет,да,нет,да,нет,да,да,нет,нет,да,да,нет,да,да,да,да,да,нет,да,нет,да,нет,да,нет,нет,Да ,да,нет,да,да,да,да,ДА,да,нет,да,да,нет,нет,нет,нет,да,да,да,да,нет,нет,да,нет,да,да,да,да,да,да,да,да,нет,нет,да,да,да,Да,да,да,да,да,да,да,нет,да,да,да,да
191,Тракторист-машинист сельскохозяйственного производства,да ,да,да,нет,да,да,да,да,нет,нет,нет,да,нет,нет,нет,нет,да,да,нет,нет,да,да,нет,нет,нет,да,да,да,да,да,да,нет,нет,да,нет,да,нет,нет,да,нет,Да ,да,нет,нет,да,да,да,нет,да,нет,да,да,нет,да,нет,нет,нет,да,нет,нет,нет,нет,да,нет,да,да,да,да,нет,нет,да,да,нет,нет,да,нет,нет,Да,да,нет,да,нет,да,да,нет,нет,нет,нет,нет
192,Трубопроводчик судовой,нет,да,да,нет,нет,нет,нет,нет,нет,нет,нет,да,нет,нет,нет,нет,нет,нет,нет,нет,да,нет,нет,нет,нет,нет,нет,нет,нет,нет,нет,нет,нет,нет,нет,нет,нет,нет,да,нет,Нет ,нет,нет,нет,нет,нет,да,нет,нет,нет,нет,нет,нет,нет,нет,нет,нет,нет,нет,нет,нет,нет,нет,нет,нет,нет,нет,нет,нет,нет,нет,нет,нет,нет,нет,нет,нет,Нет,нет,нет,нет,нет,нет,нет,нет,нет,нет,нет,нет
193,Фельдшер,да ,да,да,да,да,да,да,нет,нет,нет,нет,да,да,да,нет,нет,да,нет,нет,нет,да,да,нет,нет,нет,да,нет,да,да,да,нет,нет,нет,да,нет,да,нет,нет,нет,нет,Да ,да,нет,да,нет,да,да,нет,да,нет,да,да,да,да,да,да,да,да,нет,нет,нет,нет,да,нет,да,да,да,да,нет,нет,да,да,да,нет,да,да,нет,Да,да,да,да,да,да,да,да,да,да,нет,да
194,Фельдшер скорой медицинской помощи,да ,да,да,да,нет,да,да,нет,нет,нет,нет,да,да,нет,да,нет,нет,нет,нет,нет,да,нет,нет,нет,нет,нет,нет,да,да,нет,нет,нет,нет,нет,нет,да,нет,нет,нет,нет,Да ,нет,нет,нет,нет,нет,да,нет,нет,нет,да,нет,нет,нет,нет,нет,да,да,нет,нет,нет,нет,да,нет,да,да,да,нет,нет,нет,да,да,нет,нет,да,да,нет,Нет,да,нет,да,нет,да,да,нет,нет,да,нет,нет
195,Фрезеровщик,да ,да,да,нет,да,да,да,нет,нет,нет,да,да,нет,нет,нет,нет,нет,нет,нет,нет,да,да,нет,нет,нет,нет,нет,да,нет,да,нет,да,нет,да,нет,да,нет,нет,да,нет,Да ,нет,нет,да,да,да,да,нет,нет,нет,да,да,нет,нет,нет,нет,нет,да,нет,нет,нет,нет,да,нет,да,да,да,да,нет,нет,да,да,нет,нет,да,да,нет,Нет,да,нет,да,нет,нет,да,нет,нет,нет,нет,нет
196,Швея,да,да,нет,да,да,да,да,да,нет,нет,да,да,нет,нет,да,нет,да,да,да,да,да,да,нет,да,да,да,да,да,да,да,нет,да,нет,да,нет,да,нет,нет,да,да,Да ,да,нет,да,да,да,да,ДА,нет,нет,да,да,нет,да,нет,да,нет,да,нет,да,нет,нет,да,да,да,да,да,да,нет,нет,да,да,да,нет,да,да,нет,Да,да,да,да,да,нет,да,нет,да,нет,нет,да
197,Штукатур,да ,да,да,нет,да,да,да,нет,нет,нет,да,да,нет,да,да,нет,да,да,нет,нет,да,нет,нет,да,да,нет,нет,да,нет,нет,нет,да,нет,да,нет,да,нет,нет,нет,нет,Да ,нет,нет,да,нет,да,да,нет,нет,нет,да,да,нет,нет,нет,нет,нет,да,нет,да,нет,нет,да,нет,да,нет,да,нет,нет,нет,да,да,да,нет,нет,нет,нет,Нет,да,да,да,да,нет,да,нет,да,нет,нет,нет
198,Экскурсовод (гид),нет,да,нет,нет,нет,да,да,нет,нет,да,да,да,нет,нет,нет,нет,нет,да,да,нет,нет,да,нет,нет,да,нет,нет,да,да,нет,нет,нет,нет,нет,нет,нет,нет,нет,нет,нет,Нет ,нет,да,нет,нет,нет,да,ДА,нет,да,нет,да,нет,да,нет,да,нет,да,нет,нет,нет,да,нет,да,да,нет,да,нет,нет,да,да,да,да,нет,да,нет,нет,Да,да,нет,да,нет,нет,да,да,нет,нет,нет,да
199,Экспедитор по перевозке грузов,да ,да,нет,нет,да,да,да,нет,нет,нет,да,да,нет,да,нет,нет,нет,нет,нет,нет,да,нет,нет,нет,нет,нет,нет,нет,нет,нет,нет,нет,нет,нет,нет,да,нет,нет,нет,нет,Да ,нет,нет,нет,нет,нет,нет,ДА,нет,нет,нет,нет,нет,нет,нет,да,нет,нет,нет,нет,нет,нет,да,нет,нет,нет,да,нет,нет,нет,да,да,нет,нет,да,нет,нет,Да,да,нет,да,нет,нет,нет,нет,нет,нет,нет,нет
200,Электролизник расплавленных солей,нет,нет,нет,нет,нет,нет,нет,нет,нет,нет,нет,нет,нет,нет,нет,нет,нет,нет,нет,нет,нет,нет,нет,нет,нет,нет,нет,нет,нет,нет,нет,нет,нет,нет,нет,нет,нет,нет,нет,нет,Нет ,нет,нет,нет,нет,нет,нет,нет,нет,нет,нет,нет,нет,нет,нет,нет,нет,нет,нет,нет,нет,нет,нет,нет,да,нет,нет,нет,нет,нет,нет,нет,нет,нет,нет,нет,нет,Нет,нет,нет,нет,нет,нет,нет,нет,нет,нет,нет,нет
201,Электромеханик,нет,да,нет,нет,да,да,да,нет,нет,нет,нет,да,нет,нет,да,нет,да,нет,нет,нет,да,да,нет,нет,нет,нет,нет,да,нет,нет,нет,да,нет,нет,нет,да,нет,нет,да,нет,Да ,нет,нет,нет,нет,нет,да,нет,нет,нет,да,да,нет,нет,нет,нет,нет,нет,нет,нет,нет,нет,да,нет,да,нет,да,нет,нет,да,да,нет,нет,нет,да,нет,нет,Нет,да,нет,да,нет,нет,да,нет,нет,нет,нет,нет
202,Электромеханик по лифтам,да ,нет,нет,нет,да,нет,да,нет,нет,нет,да,да,нет,да,нет,нет,да,нет,нет,нет,нет,нет,нет,нет,нет,нет,нет,нет,нет,нет,нет,нет,нет,нет,нет,да,нет,нет,нет,нет,Да ,нет,нет,нет,нет,нет,нет,нет,нет,нет,нет,нет,нет,нет,нет,нет,нет,нет,нет,нет,нет,нет,да,нет,да,нет,да,нет,нет,нет,нет,да,нет,нет,нет,нет,нет,Нет,да,нет,нет,нет,нет,да,нет,нет,нет,нет,нет
203,Электромонтажник,да ,да,да,да,да,да,да,нет,нет,да,да,да,нет,нет,нет,нет,да,нет,нет,нет,да,нет,нет,нет,нет,нет,нет,да,да,да,нет,да,нет,нет,нет,да,нет,нет,нет,нет,Да ,нет,нет,нет,нет,нет,да,нет,нет,нет,нет,да,нет,да,нет,нет,нет,нет,нет,нет,нет,нет,да,да,нет,нет,да,нет,нет,нет,нет,да,нет,нет,да,нет,нет,Да,да,нет,да,да,да,да,нет,нет,нет,нет,нет
204,Электромонтер контактной сети,нет,да,нет,нет,да,да,да,нет,нет,нет,нет,да,нет,нет,нет,нет,нет,да,нет,нет,да,нет,нет,нет,нет,нет,нет,нет,нет,нет,нет,нет,нет,нет,нет,нет,нет,нет,да,нет,Нет ,нет,нет,нет,нет,нет,да,нет,нет,нет,нет,да,нет,нет,нет,нет,нет,нет,нет,нет,нет,нет,да,нет,нет,нет,да,нет,нет,нет,нет,да,нет,нет,нет,нет,нет,Нет,да,нет,да,нет,нет,да,нет,нет,нет,нет,нет
205,"Электромонтер по обслуживанию и ремонту устройств сигнализации, централизации и блокировки",нет,да,нет,нет,да,нет,да,нет,нет,нет,нет,да,нет,нет,нет,нет,нет,нет,нет,нет,нет,нет,нет,нет,нет,нет,нет,нет,нет,нет,нет,нет,нет,нет,нет,нет,нет,нет,да,нет,Нет ,нет,нет,нет,нет,нет,нет,нет,нет,нет,да,да,нет,нет,нет,нет,нет,нет,нет,нет,нет,нет,нет,нет,нет,нет,да,нет,нет,нет,нет,да,нет,нет,нет,нет,нет,Нет,нет,нет,да,нет,нет,да,нет,нет,нет,нет,нет
206,Электромонтер по обслуживанию электроустановок,нет,да,да,нет,да,да,да,нет,нет,нет,нет,да,да,да,нет,нет,нет,да,нет,да,да,нет,нет,нет,нет,нет,нет,да,нет,нет,нет,нет,нет,да,да,нет,нет,нет,да,нет,Нет ,нет,нет,нет,нет,нет,нет,нет,нет,нет,да,да,нет,нет,нет,да,нет,нет,нет,нет,нет,нет,да,нет,да,нет,да,нет,нет,нет,нет,да,нет,нет,нет,нет,нет,Нет,да,нет,да,да,нет,да,нет,нет,да,нет,нет
207,Электромонтер по ремонту аппаратуры релейной защиты и автоматики,да ,да,нет,нет,нет,нет,нет,нет,нет,нет,нет,да,нет,нет,нет,нет,да,нет,нет,нет,нет,нет,нет,нет,нет,нет,нет,нет,нет,да,нет,нет,нет,нет,нет,да,нет,нет,да,нет,Нет ,нет,нет,нет,нет,нет,нет,нет,нет,нет,да,да,нет,нет,нет,нет,нет,нет,нет,нет,нет,нет,да,нет,да,нет,да,нет,нет,нет,нет,да,нет,нет,нет,нет,нет,Нет,да,нет,нет,нет,нет,да,нет,нет,нет,нет,нет
208,Электромонтер по ремонту воздушных линий электропередачи,да ,нет,нет,нет,нет,нет,да,нет,нет,нет,нет,да,нет,нет,нет,нет,да,да,нет,нет,да,нет,нет,нет,нет,нет,нет,да,нет,нет,нет,нет,нет,да,нет,нет,нет,нет,да,нет,Нет ,нет,нет,нет,нет,нет,да,нет,нет,нет,нет,да,нет,нет,нет,нет,нет,нет,нет,нет,нет,нет,да,нет,да,нет,да,нет,нет,нет,нет,да,нет,нет,да,нет,нет,Нет,да,нет,да,да,нет,да,нет,нет,да,нет,нет
209,Электромонтер по ремонту и обслуживанию трансформаторов,нет,нет,нет  ,нет,нет,да,нет,нет,нет,нет,нет,да,нет,нет,нет,нет,нет,нет,нет,нет,да,нет,нет,нет,нет,нет,нет,да,да,да,нет,нет,нет,нет,нет,нет,нет,нет,да,нет,Нет ,нет,нет,нет,нет,нет,нет,нет,нет,нет,нет,нет,нет,нет,нет,нет,нет,нет,нет,нет,нет,нет,нет,нет,нет,нет,да,нет,нет,нет,нет,да,нет,нет,нет,нет,нет,Нет,да,нет,нет,да,нет,нет,нет,нет,нет,нет,нет
210,Электромонтер по ремонту и обслуживанию электрооборудования,да ,да,да,нет,да,да,да,да,нет,нет,да,да,да,да,нет,нет,да,да,да,нет,да,да,да,нет,да,да,нет,да,да,да,да,да,нет,да,да,да,да,да,да,да,Да ,да,да,нет,да,да,да,ДА,да,нет,нет,да,нет,нет,нет,да,да,да,нет,да,да,нет,да,нет,да,да,да,да,да,нет,да,да,да,нет,да,да,да,Да,да,да,да,да,нет,да,да,да,да,да,да
211,Электроник,нет,да,нет,нет,да,нет,да,нет,нет,нет,нет,да,нет,нет,нет,нет,да,нет,нет,нет,да,нет,нет,нет,нет,нет,нет,да,нет,да,нет,нет,нет,нет,нет,нет,нет,нет,нет,нет,Нет ,нет,нет,нет,нет,нет,нет,нет,нет,нет,да,да,нет,нет,нет,нет,нет,нет,нет,нет,нет,нет,нет,нет,нет,нет,да,нет,нет,нет,нет,нет,нет,нет,нет,нет,нет,Нет,да,нет,да,нет,да,да,нет,нет,да,нет,нет
212,Электрослесарь по ремонту оборудования распределительных устройств,да ,да,нет,да,да,да ,да,нет,нет,нет,нет,да,нет,нет,нет,нет,да,нет,нет,нет,да,нет,нет,нет,нет,нет,нет,да,нет,нет,нет,да,нет,да,нет,да,нет,нет,нет,нет,Нет ,нет,нет,нет,нет,нет,да,нет,нет,нет,да,да,нет,нет,нет,нет,нет,нет,нет,нет,да,нет,да,нет,нет,нет,да,нет,нет,да,нет,да,нет,нет,да,нет,нет,Нет,да,нет,да,да,нет,да,нет,нет,да,нет,нет
213,Энергетик,да ,да,да,да,да,да,да,нет,нет,нет,нет,да,нет,нет,нет,нет,да,нет,нет,нет,да,нет,нет,нет,нет,нет,нет,да,нет,да,нет,нет,нет,нет,нет,нет,нет,нет,нет,нет,Нет ,нет,нет,нет,нет,да,нет,нет,нет,нет,да,да,нет,нет,нет,нет,нет,нет,нет,нет,нет,нет,да,нет,нет,нет,да,нет,нет,нет,да,нет,нет,нет,нет,нет,нет,Нет,да,нет,да,да,да,да,нет,нет,нет,нет,нет